name,Brain Tumor,Breast Cancer,Head and Neck Cancer,Ovarian Cancer,Fallopian Tube Cancer,Leukemia,Lymphoma,Myeloproliferative Neoplasms,Colorectal Cancer,Prostate Cancer,Anal Cancer,Lung Cancer,Kidney Cancer,Wilms Tumor,Rhabdoid Tumor,Sarcoma,Gastrointestinal Tumor,Rectal Cancer,Esophageal Cancer,Gastric Cancer,Neuroblastoma,Pancreatic Cancer,Bladder Cancer,Appendix Cancer,Pituitary Tumor,Carcinoid Tumor,Cervical Cancer,Mesothelioma,Thyroid Cancer,Parathyroid Cancer,Vaginal Cancer,Urethral Cancer,Gallbladder Cancer,Vulvar Cancer,Bile Duct Cancer,Endometrial Cancer,Testicular Cancer,Skin Cancer,Melanoma,Liver Cancer,Bone Cancer,Ewing Sarcoma,Acute Lymphoblastic Leukemia (ALL),Acute Myeloid Leukemia (AML),Chronic Lymphocytic Leukemia (CLL),Osteosarcoma,Multiple Myeloma,Chronic Myelogenous Leukemia (CML),Hairy Cell Leukemia,Cardiac Tumors,Penile Cancer,Retinoblastoma,Burkitt Lymphoma,Mycosis Fungoides,Adrenocortical Cancer
Aaron Rapoport,,,,,,1.0,1.0,,,,,,,,,,,,,,,,,,,,,,,,,,,,,,,,,,,,,,,,2.0,,,,,,,,
Aarti K. Bhatia,,,1.0,,,,,,,,,,,,,,,,,,,,,,,,,,,,,,,,,,,,,,,,,,,,,,,,,,,,
Abdulraheem Yacoub,,,,,,1.0,,3.0,,,,,,,,,,,,,,,,,,,,,,,,,,,,,,,,,,,,,,,,,,,,,,,
Abenaa M. Brewster,,4.0,,,,,,,,,,,,,,,,,,,,,,,,,,,,,,,,,,,,,,,,,,,,,,,,,,,,,
Abhimanyu Ghose,,,,,,,,,,,,1.0,,,,,,,,,,,,,,,,,,,,,,,,,,,,,,,,,,,,,,,,,,,
Abhinav Deol,,,,,,1.0,2.0,1.0,,,,,,,,,,,,,,,,,,,,,,,,,,,,,,,,,,,,,,,2.0,,,,,,,1.0,
Abhishek A Solanki,,,,,,,,,,2.0,,,,,,,,,,,,,,,,,,,,,,,,,,,,,,,,,,,,,,,,,,,,,
Adam Brufsky,1.0,10.0,1.0,1.0,,,1.0,,1.0,1.0,,1.0,1.0,,,,,1.0,1.0,1.0,,1.0,1.0,,,,1.0,,1.0,,,,,,1.0,1.0,,1.0,1.0,1.0,,,,,,,,,,,,,,,
Adam Steven Asch,,,,,,2.0,1.0,2.0,,,,,,,,,,,,,,,,,,,,,,,,,,,,,,,,,,,1.0,,1.0,,1.0,1.0,,,,,,,
Adi Diab,,,,,,,,,,,,,,,,,,,,,,,,,,,,,,,,,,,,,,,4.0,,,,,,,,,,,,,,,,
Aditi Shastri,,,,,,,,1.0,,,,,,,,,,,,,,,,,,,,,,,,,,,,,,,,,,,,,,,,,,,,,,,
Aditya Bardia,,5.0,1.0,1.0,,,,,,1.0,,1.0,1.0,,,,,,1.0,1.0,,1.0,1.0,,,,1.0,,1.0,,,,,,,1.0,,,,1.0,,,,,,,,,,,,,,,
Afshin Dowlati,,,,,,,,,,,,12.0,,,,,,,1.0,,,,,,,,,,,,,,1.0,,1.0,,,,,1.0,,,,,,,,,,,,,,,
Ahmad A. Tarhini,,,,,,,,,,,,6.0,,,,,,,,,,,,,,,,,,,,,,,,,,2.0,10.0,,,,,,,,,,,,,,,,
Akash Patnaik,,,,,,,,,,1.0,,,,,,,,,,,,,,,,,,,,,,,,,,,,,,,,,,,,,,,,,,,,,
Alan F. List,,,,,,2.0,,3.0,,,,,,,,,,,,,,,,,,,,,,,,,,,,,,,,,,,,,,,,,,,,,,,
Alan Haruo Bryce,,,,,,,,,,1.0,,,,,,,,,,,,,,,,,,,,,,,,,,,,,,,,,,,,,,,,,,,,,
Alan Loh Ho,,1.0,,,,,,,,,,,,,,,,,,,,,,,,,,,,,,,,,,,,,,,,,,,,,,,,,,,,,
Alberto Chiappori,,,,,,,,,,,,8.0,,,,1.0,,,,,,,,,,,,,,,,,,,,,,,,,,,,,,,,,,,,,,,
Alberto J. Montero,,1.0,,,,,,,,,,,,,,,,,,,,,,,,,,,,,,,,,,,,,,,,,,,,,,,,,,,,,
Alberto S. Pappo,,,,,,,,,,,,,,,,3.0,,,,,,,,,,,,,,,,,,,,,,2.0,2.0,,,,,,,,,,,,,,,,
Alejandra T. Perez,,1.0,,,,,,,,,,,,,,,,,,,,,,,,,,,,,,,,,,,,,,,,,,,,,,,,,,,,,
Alessandra Ferrajoli,,,,,,13.0,5.0,,,,,,,,,,,,,,,,,,,,,,,,,,,,,,,,,,,,,,10.0,,,,,,,,,,
Alexander M. Lesokhin,,,,,,,,,,,,,,,,,,,,,,,,,,,,,,,,,,,,,,,,,,,,,,,1.0,,,,,,,,
Alexandra S. Heerdt,,1.0,,,,,,,,,,,,,,,,,,,,,,,,,,,,,,,,,,,,,,,,,,,,,,,,,,,,,
Alexi A. Wright,,,,2.0,,,,,,,,,,,,,,,,,,,,,,,,,,,,,,,,,,,,,,,,,,,,,,,,,,,
Alice Y. Ho,,,,,,,,,,,,,,,,,,,,,,,,,,,,,,,,,,,,,,,,1.0,,,,,,,,,,,,,,,
Alison J. Moskowitz,,,,,,,,,,,,,,,,1.0,,,,,,,,,,,,,,,,,,,,,,,,,,,,,,,,,,,,,,,
Alok A. Khorana,,,,,,,,,2.0,,,,,,,,,1.0,,,,,,,,,,,,,,,,,,,,,,,,,,,,,,,,,,,,,
Alvaro Moreno-Aspitia,,4.0,,,,1.0,,1.0,,,,,,,,,,,,,,,,,,,,,,,,,,,,,,,,,,,,,,,,,,,,,,,
Alvaro Pena,,,,,,,,,1.0,,,,,,,,,,,,,,,,,,,,,,,,,,,,,,,,,,,,,,,,,,,,,,
Alvaro Pereira-Rico,,,,,,,,,,1.0,,,,,,,,,,,,,,,,,,,,,,,,,,,,,,,1.0,,,,,,,,,,,,,,
Amado J. Zurita,,,,,,,,,,1.0,,,,,,,,,,,,,,,,,,,,,,,,,,,,,,,,,,,,,,,,,,,,,
Amar J. Gajjar,1.0,,,,,,,,,,,,,,,,,,,,,,,,,,,,,,,,,,,,,,,,,,,,,,,,,,,,,,
Aminah Jatoi,,1.0,1.0,2.0,1.0,,,,,2.0,,6.0,,,,,,,8.0,4.0,,1.0,1.0,,,,,,,,,,,,,,,2.0,,,,,,,,,,,,,,,,,
Amir A. Jazaeri,,,,9.0,5.0,,,,1.0,,,,,,,1.0,,,,,,1.0,,,,,1.0,,,,,,,,,1.0,,,,,1.0,,,,,1.0,,,,,,,,,
Ammar Sukari,,,1.0,,,,,,,,,1.0,,,,,,,,,,,,,,,,,,,,,,,,,,,,,,,,,,,,,,,,,,,
Amod Sarnaik,,,,,,,,,,,,,,,,,,,,,,,,,,,,,,,,,,,,,,1.0,5.0,,,,,,,,,,,,,,,,
Amrita Y. Krishnan,,,,,,,4.0,,,,,,,,,,,,,,,,,,,,,,,,,,,,,,,,,,,,,,,,,,,,,,,,
Amy B. Heimberger,1.0,,,,,,,,,,,,,,,,,,,,,,,,,,,,,,,,,,,,,,1.0,,,,,,,,,,,,,,,,
Amy C. Degnim,,2.0,,,,,,,,,,,,,,,,,,,,,,,,,,,,,,,,,,,,,,,,,,,,,,,,,,,,,
Amy L. Stella,1.0,4.0,1.0,1.0,,,1.0,,2.0,1.0,,3.0,1.0,,,,,1.0,1.0,1.0,,1.0,1.0,,,,1.0,,1.0,,,,,,1.0,1.0,,1.0,1.0,1.0,,,,,,,,,,,,,,,
Amy P. Early,,5.0,1.0,,,,,,,,,,,,,,,,,,,,,,,,,,,,,,,,,,,,,,,,,,,,,,,,,,,,
Ana Aparicio,,1.0,,,,,,,,4.0,,,1.0,,,,,,,,,,,,,,,,,,,,,,1.0,,,,1.0,,,,,,,,,,,,,,,,
Ana Maria Lopez,,1.0,,1.0,1.0,,1.0,,1.0,,,1.0,,,,,,,,,,,,,,,1.0,,,,,,,,,,,,,,,,,,,,,,,,,,,,
Anas Younes,,,,,,1.0,18.0,,,,,,,,,,,,,,,,,,,,,,,,,,,,,,,,,,,,,,,,,,,,,,1.0,1.0,
Andrea Silber,,2.0,,,,,,,,,,,,,,,,,,,,,,,,,,,,,,,,,,,,,,,,,,,,,,,,,,,,,
Andrew E. Place,,2.0,3.0,1.0,,3.0,2.0,,4.0,2.0,,4.0,2.0,,,,,1.0,2.0,3.0,1.0,2.0,3.0,,,1.0,2.0,,2.0,,,1.0,,,1.0,2.0,,1.0,1.0,2.0,,,2.0,,,,,1.0,,1.0,,,,,
Andrew E. Sloan,2.0,9.0,1.0,1.0,,4.0,1.0,,2.0,2.0,,5.0,2.0,,,,1.0,1.0,2.0,2.0,,2.0,2.0,,,,2.0,,2.0,,,1.0,,,1.0,3.0,,1.0,1.0,3.0,,,2.0,,1.0,,,,,,,,,,
Andrew Lee Hong,,3.0,1.0,1.0,1.0,,,,1.0,,,1.0,,,,,,,,,,,,,,,1.0,,,,,,,,,1.0,,,,,,,,,,,,,,,,,,,
Andrew M. Lowy,,,,,,,,,1.0,,,,,,,,,,,1.0,,1.0,,,,,,1.0,,,,,,,,,,,,,,,,,,,,,,,,,,,
Andrew R. Howard,1.0,14.0,1.0,3.0,2.0,2.0,2.0,,5.0,2.0,,14.0,5.0,,,1.0,,2.0,2.0,3.0,,2.0,3.0,,,1.0,2.0,,1.0,,,1.0,,,1.0,2.0,,1.0,1.0,1.0,1.0,,,,2.0,,,,,,,,,,
Andrew S. Artz,,,,,,1.0,1.0,,,,,,,,,,,,,,,,,,,,,,,,,,,,,,,,,,,,1.0,,,,,,,,,,,,
Andrew Stewart Poklepovic,,1.0,,,,,,,,,,,,,,,,,,,,,,,,,,,,,,,,,,,,,,,,,,,,,,,,,,,,,
Andrew X. Zhu,,,,,,,,,1.0,,,,,,,,,,,,,,,,,,,,,,,,2.0,,,,,,,8.0,,,,,,,,,,,,,,,
Andrzej J. Jakubowiak,,,,,,,,,,,,,,,,,,,,,,,,,,,,,,,,,,,,,,,,,,,,,,,5.0,,,,,,,,
Angela Dispenzieri,,,,,,,,,,,,,,,,,,,,,,,,,,,,,,,,,,,,,,,,,,,,,,,6.0,,,,,,,,
Anjali S. Advani,,,,,,6.0,1.0,1.0,,,,,,,,,,,,,,,,,,,,,,,,,,,,,,,,,,,2.0,,,,,,,,,,1.0,,
Ann H. Partridge,,6.0,,,,,,,,,,,,,,,,,,,,,,,,,,,,,,,,,,,,,,,,,,,,,,,,,,,,,
Ann Klopp,,,,,,,,,,,,,,,,,,,,,,,,,,,3.0,,,,1.0,,,,,1.0,,,,,,,,,,,,,,,,,,,
Ann M. Gillenwater,,,2.0,,,,,,,,,,,,,,,,,,,,,,,,,,,,,,,,,,,1.0,,,,,,,,,,,,,,,,,
Ann Mauer,,,,,,,,,,,,4.0,,,,,,,2.0,1.0,,,,,,,,,,,,,,,,,,,,,,,,,,,,,,,,,,,
Ann W. Silk,,,1.0,,,,2.0,,,,,1.0,1.0,,,,,,,,,,1.0,,,,,,,,,,,1.0,,,,2.0,1.0,,,,,,,,,,,,,,,1.0,
Anna F. Farago,,,,,,,,,,,,2.0,,,,,,,,,,,,,,,,,,,,,,,,,,,,,,,,,,,,,,,,,,,
Anne C. Chiang,,3.0,,,,,,,,1.0,,4.0,,,,,,,,1.0,,1.0,,,,,,,,,,,,,,,,,,,,,,,,,,,,,,,,,
Anne F. Schott,,6.0,,,,,,,,,,,,,,,,,,,,,,,,,,,,,,,,,,,,,,,,,,,,,,,,,,,,,
Anne M. Traynor,,,,,,,,,,,,4.0,,,,,,,,,,,,,,,,,1.0,,,,,,,,,,,,,,,,,,,,,,,,,,
Anne Moore,3.0,41.0,4.0,4.0,3.0,6.0,6.0,,10.0,8.0,1.0,25.0,10.0,,,2.0,1.0,3.0,4.0,4.0,1.0,7.0,6.0,1.0,1.0,2.0,2.0,1.0,2.0,1.0,1.0,3.0,2.0,1.0,3.0,6.0,1.0,2.0,5.0,1.0,2.0,,2.0,1.0,2.0,,2.0,,,,,1.0,,,
Anne S. Tsao,,,1.0,,,,,,,,,4.0,,,,,,,,,,,,,,,,7.0,,,,,,,,,,,,,,,,,,,,,,,,,,,
Annette M. Moore,,1.0,,,,,,,,,,,,,,,,,,,,,,,,,,,,,,,,,,,,,,,,,,,,,,,,,,,,,
Anthony B. El-Khoueiry,,1.0,2.0,1.0,,,1.0,,1.0,,,2.0,,,,1.0,,,,,,2.0,,,,,,,,,,,1.0,,1.0,,,,1.0,1.0,,,,,,,,,,,,,,,
Anthony D. Elias,,4.0,,,,,,,,,,,,,,,,,,,,,,,,,,,,,,,,,,,,,,,,,,,,,,,,,,,,,
Anthony Frank Shields,,3.0,,,,,,,,,,,,,,,,,,,,,,,,,,,,,,,,,,,,,,,,,,,,,,,,,,,,,
Anthony J. Olszanski,,1.0,1.0,1.0,,,1.0,,1.0,,,1.0,,,,1.0,,,,,,1.0,,,,,,,,,,,,,1.0,,,,1.0,1.0,,,,,,,,,,,,,,,
Anthony Lucci,,,,,,,,,,,,,,,,,,,,,,,,,,,1.0,,,,,,,,,,,,,,,,,,,,,,,,,,,,
Antonio C. Wolff,,7.0,,,,,,,,,,,,,,,,,,,,,,,,,,,,,,,,,,,,,,,,,,,,,,,,,,,,,
Antonio Jimeno,,,3.0,1.0,1.0,,,,,,,,,,,,,,,,,1.0,,,,,,,,,,,,,,,,,1.0,,,,,,,,,,,,,,,,
Anwaar Saeed,,,,,,,,,2.0,,,,,,,,,,2.0,2.0,,,,,,,,,,,,,,,,,,,,1.0,,,,,,,,,,,,,,,
Aref Al-Kali,,,,,,6.0,,2.0,,,,,,,,,,,,,,,,,,,,,,,,,,,,,,,,,,,2.0,3.0,,,,1.0,,,,,,,
Ariela Noy,,,,,,1.0,4.0,,,,,,,,,1.0,,,,,,,,,,,,,,,,,,,,,,,,,,,,,,,,,,,,,,,
Arif Hussain,,,,,,,,,,3.0,,,1.0,,,,,,,,,1.0,1.0,,,,,,,,,1.0,,,,,,,,,,,,,,,,,,,,,,,
Arnold Freedman,,1.0,,,,,1.0,,,,,,,,,,,,,,,,,,,,,,,,,,,,,,,,,,,,,,,,,,,,,,,,
Arthur M. Feldman,,1.0,,,,,,,,,,,,,,,,,,,,,,,,,,,,,,,,,,,,,,,,,,,,,,,,,,,,,
Arun Nagarajan,,,,,,,,,,,1.0,,,,,,,,,,,,,,,,,,,,,,,,,,,,,,,,,,,,,,,,,,,,
Asher Alban Akmal Chanan-Khan,,,,,,,,,,,,,,,,,,,,,,,,,,,,,,,,,,,,,,,,,,,,,,,1.0,,,,,,,,
Ashish M. Kamat,,,,,,,,,,,,,,,,,,,,,,,2.0,,,,,,,,,1.0,,,,,,,,,,,,,,,,,,,,,,,
Ashley Stephens Case,,2.0,1.0,1.0,,,1.0,,2.0,1.0,,3.0,1.0,,,,,1.0,1.0,1.0,,1.0,1.0,,,,1.0,,1.0,,,,,,1.0,1.0,,1.0,1.0,1.0,,,,,,,,,,,,,,,
Asit K. Paul,,,,,,,,,,1.0,,1.0,2.0,,,,,,,,,1.0,1.0,,,,,,,,,,,,,,,1.0,,,,,,,,,,,,,,,,,
Atif J. Khan,,1.0,,,,,,,,,,,,,,,,,,,,,,,,,,,,,,,,,,,,,,,,,,,,,,,,,,,,,
Auayporn Nademanee,,,,,,2.0,4.0,1.0,,,,,,,,,,,,,,,,,,,,,,,,,,,,,,,,,,,,,,,1.0,,,,,,,,
B. Douglas Smith,,5.0,1.0,1.0,,9.0,4.0,3.0,1.0,1.0,,6.0,3.0,,,,,1.0,1.0,1.0,,1.0,2.0,,,,1.0,,1.0,,,,,,1.0,1.0,,1.0,1.0,2.0,1.0,,1.0,,2.0,,,1.0,,,,,,,
Baldassarre Stea,1.0,,,,,,1.0,,,,,,,,,,,,,,,,,,,,,,,,,,,,,,,,,,,,,,,,,,,,,,,,
Banu Arun,,7.0,,,,,,,,,,,,,,,,,,,,,,,,,,,,,,,,,,,,,,,,,,,,,,,,,,,,,
Barbara A. Parker,,11.0,1.0,,,,2.0,,3.0,,,3.0,,,,,,,,,,,,,,,,,,,,,1.0,,1.0,,,,,,,,,,,,,,,1.0,,,,,
Barbara A. Pockaj,,2.0,,,,,,,,,,,,,,,,,,,,,,,,,,,,,,,,,,,,1.0,2.0,,,,,,,,,,,,,,,,
Barbara Burtness,,,6.0,,,,,,1.0,,,,,,,,,,,,,1.0,,,,,,,,,,,,,,,,,,,,,,,,,,,,,,,,,
Basem M. William,,,,,,,2.0,,,,,,,,,,,,,,,,,,,,,,,,,,,,,,,,,,,,,,,,,,,,,,,,
Ben C. Creelan,,,,,,,,,,,,1.0,,,,,,,,,,,,,,,,,,,,,,,,,,,,,,,,,,,,,,,,,,,
Benjamin D. Smith,,5.0,1.0,1.0,,,1.0,,2.0,1.0,,4.0,1.0,,,,,1.0,1.0,1.0,,1.0,1.0,,,,1.0,,1.0,,,,,,1.0,1.0,,1.0,1.0,1.0,,,,,,,,,,,,,,,
Benjamin L. Schlechter,,,,,,,,,,,2.0,,,,,,,,,,,1.0,,,,,,,,,,,,,,,,,,,,,,,,,,,,,,,,,
Beth Overmoyer,,10.0,,,,,,,,,,,,,,,,,,,,,,,,,,,,,,,,,,,,,,,,,,,,,,,,,,,,,
Beverly Moy,,2.0,,,,,,,,,,,,,,,,,,,,,,,,,,,,,,,,,,,,,,,,,,,,,,,,,,,,,
Bhavana Konda,,,,,,,,,,,,,,,,,,,,,,,,,,,,,2.0,,,,,,,,,,,,,,,,,,,,,,,,,,
Bhuvaneswari Ramaswamy,,4.0,,,,,,,,,,,,,,,,,,,,,,,,,,,,,,,,,,,,,,,,,,,,,,,,,,,,,
Bianca Santomasso,,,,,,,2.0,,,,,,,,,,,,,,,,,,,,,,,,,,,,,,,,,,,,,,,,,,,,,,,,
Biren Saraiya,,,,,,,,,,1.0,,,,,,,,,,,,,,,,,,,,,,,,,,,,,,,,,,,,,,,,,,,,,
Blase N. Polite,,,,,,,,,1.0,,1.0,,,,,,,,,1.0,,1.0,,,,,,,,,,,,,,,,,,,,,,,,,,,,,,,,,
Bob T. Li,,1.0,,,,,,,,,,,,,,,,,,1.0,,,,,,,,,,,,,,,,,,,,,,,,,,,,,,,,,,,
Bonnie S. Glisson,,,3.0,,,,,,,,,1.0,,,,,,,,,,,,,,,,,,,,,,,,,,2.0,,,,,,,,,,,,,,,,,
Borje Andersson,,,,,,1.0,1.0,,,,,,,,,,,,,,,,,,,,,,,,,,,,,,,,,,,,,,,,,,,,,,,,
Bradley J. Monk,,,,6.0,4.0,,,,,,,,,,,1.0,,,,,,,,,,,1.0,,,,,,,,,,,,,,,,,,,,,,,,,,,,
Breelyn A. Wilky,,,,,,,,,,,,,,,,1.0,,,,,,,,,,,,,,,,,,,,,,,,,,,,,,,,,,,,,,,
Brian Andrew Jonas,,,,,,,,,,,,,,,,,,,,,,,,,,,,,,,,,,,,,,,,1.0,,,,,,,,,,,,,,,
Brian Andrew Moore,1.0,8.0,1.0,1.0,,1.0,2.0,,1.0,2.0,,7.0,1.0,,,,,1.0,1.0,1.0,,1.0,1.0,,,,1.0,,1.0,,,,,,1.0,1.0,,1.0,1.0,1.0,,,1.0,,,,,,,,,,,,
Brian D. Badgwell,,,,,,,,,,,,,,,,,,,,3.0,,,,,,,,,,,,,,,,,,,,,,,,,,,,,,,,,,,
Brian H. Kushner,1.0,,1.0,2.0,,,1.0,,,,,,3.0,,,3.0,,,,,8.0,,,,,,,,,,,,,,,,1.0,,,2.0,,,,,,,,,,,,2.0,,,
Brian J. Czerniecki,,2.0,,,,,,,,,,,,,,,,,,,,,,,,,,,,,,,,,,,,1.0,1.0,,,,,,,,,,,,,,,,
Brian M. Wolpin,,,,,,,,,,,,,,,,,,,,,,1.0,,,,,,,,,,,,,,,,,,,,,,,,,,,,,,,,,
Brian Michael Alexander,,7.0,1.0,1.0,,2.0,2.0,,1.0,2.0,,8.0,2.0,,,,1.0,1.0,1.0,1.0,,1.0,1.0,,,,1.0,,1.0,,,,,,1.0,1.0,,1.0,1.0,1.0,,,,,2.0,,,,,,,,,,
Brian Richard Murphy,,2.0,,,,,,,,,,,1.0,,,,,,,,,,,,,,,,,,,,,,,,,,,,,,,,,,,,,,,,,,
Bruce E. Johnson,,5.0,1.0,1.0,,1.0,2.0,,1.0,2.0,1.0,7.0,2.0,,,,,1.0,1.0,2.0,,2.0,3.0,,,,1.0,,1.0,,,,,,1.0,1.0,,1.0,2.0,1.0,,,,,,,,,,,,,,,
Bryan K. Kee,,2.0,1.0,,,,,,,2.0,,2.0,,,,,,,,,,,,,,,,,,,,,,,,,,,,,,,,,,,,,,,,,,,
Camille Catherine Gunderson,,,,,,,,,,,,,,,,,,,,,,,,,,,1.0,,,,,,,,,,,,,,,,,,,,,,,,,,,,
Camilo E. Fadul,3.0,1.0,,,,,,,,,,,,,,,,,,,,,,,,,,,,,,,,,,,,,,,,,,,,,,,,,,,,,
Carol Aghajanian,,,,6.0,1.0,,,,,,,,,,,,,,,,,,,,,,2.0,,,,,,,,,3.0,,,,,,,,,,,,,,,,,,,
Carol J. Fabian,,13.0,,,,,,,,,,,,,,,,,,,,,,,,,,,,,,,,,,,,,,,,,,,,,,,,,,,,,
Carol L. Brown,,6.0,1.0,1.0,,,2.0,,3.0,1.0,,5.0,1.0,,,,1.0,1.0,1.0,1.0,,1.0,1.0,,,,1.0,1.0,1.0,,,,,,1.0,1.0,,1.0,1.0,1.0,,,,,,,,,,,,,,,
Carola A. S. Arndt,,,,1.0,,,2.0,,,,,,1.0,2.0,1.0,7.0,,,,,2.0,,,,,,,,1.0,,,,,,,,,,,2.0,,2.0,,,,2.0,,,,,,,,,
Carolyn M. Mulroney,,,,,,,2.0,,,,,,,,,,,,,,,,,,,,,,,,,,,,,,,,,,,,,,,,,,,,,,,,
Carolyn N. Krasner,,,,2.0,,,,,,,,,,,,,,,,,,,,,,,,,,,,,,,,,,,,,,,,,,,,,,,,,,,
Carrie A. Thompson,,7.0,,,,1.0,2.0,,4.0,,,6.0,1.0,1.0,,2.0,,1.0,1.0,,1.0,,,,,,,,,,,,,,,,,1.0,1.0,1.0,1.0,1.0,,,,1.0,,,,,,1.0,,,1.0
Cary A. Presant,,1.0,,2.0,1.0,1.0,,,,,,1.0,,,,1.0,,,,,,,,,,,,,,,,,,,,,,,,,,,,,,,,,,,,,,,
Cary Philip Gross,,4.0,1.0,1.0,,,1.0,,1.0,1.0,,1.0,2.0,,,,,1.0,1.0,1.0,,1.0,2.0,,,,1.0,,1.0,,,,,,1.0,1.0,,1.0,1.0,1.0,,,,,,,,,,,,,,,
Catherine Lam,,1.0,,,,,,,1.0,,,1.0,1.0,,,,,,,,,,,,,,,,,,,,,,,,,,,,,,,,,,,,,,,,,,
Cathy Eng,,,,,,,,,4.0,,3.0,,,,,,,1.0,,,,,,,,,,,,,,,,,,,,,,,,,,,,,,,,,,,,,
Chao Hui Huang,,,,,,,,,,,,1.0,,,,,,,,,,,,,,,,,,,,,,,,,,,,1.0,,,,,,,1.0,,,,,,,,
Charles John Schneider,,2.0,,,,,,,1.0,,1.0,,,,,,,,1.0,1.0,,,,,,,,,,,,,,,,,,,,,,,,,,,,,,,,,,,
Charles L. Loprinzi,,8.0,,1.0,1.0,2.0,2.0,,2.0,2.0,,,,,,,,,,,,,,,,,,,,,1.0,,,,,,,,,,,,,,,,2.0,,,,,,,,
Charles Lu,,2.0,,1.0,,,,,,1.0,,4.0,,,,,,,,,,1.0,,,,,,,,,,,,,,,,,,,,,,,,,,,,,,,,,
Charles M. Rudin,,,,,,,,,,,,8.0,,,,,,,,,,,,,,,,,,,,,,,,,,,,,,,,,,,,,,,,,,,
Charles Roberts,10.0,63.0,9.0,21.0,13.0,17.0,23.0,4.0,28.0,18.0,6.0,54.0,12.0,,,4.0,3.0,1.0,8.0,7.0,1.0,13.0,8.0,1.0,1.0,4.0,6.0,2.0,3.0,1.0,2.0,2.0,3.0,1.0,4.0,6.0,2.0,9.0,13.0,3.0,2.0,1.0,2.0,1.0,3.0,2.0,3.0,,1.0,,,,,,
Charles S. Fuchs,,,,,,,,,2.0,,,,,,,,,,2.0,2.0,,1.0,,,,,,,,,,,,,,,,,,,,,,,,,,,,,,,,,
Chau T. Dang,,4.0,,,,,,,,,,,,,,,,,,,,,,,,,,,,,,,,,,,,,,,,,,,,,,,,,,,,,
Cheryl A. Johnson,1.0,4.0,1.0,1.0,,,1.0,,2.0,3.0,,7.0,1.0,,,,,2.0,1.0,1.0,,1.0,1.0,,,,1.0,,1.0,,,,,,1.0,1.0,,1.0,1.0,1.0,,,,,,,,,,,,,,,
Chieh Lin Fu,,,,,,,,,,,,,,,,,,,,,,,,,,,1.0,,,,,,,,,1.0,,,,,,,,,,,1.0,,,,,,,,
Ching-Hon Pui,,,,,,2.0,,,,,,,,,,,,,,,,,,,,,,,,,,,,,,,,,,,,,2.0,,,,,,,,,,,,
Christiana Brenin,,1.0,,,,,,,,,,,,,,,,,,,,,,,,,,,,,,,,,,,,,,,,,,,,,,,,,,,,,
Christina Chu,,2.0,,3.0,1.0,,,,1.0,,,,,,,,,,,,,,,,,,2.0,,,,,,,,,1.0,,,,,,,,,,,,,,,,,,,
Christina M. Gomez,,,,,,,,,,,1.0,,,,,,,,,,,,1.0,,,,,,,,,,,,,,,,,,,,,,,,,,,,,,,,
Christina Tsien,2.0,,,,,,,,,,,,,,,,,,,,,,,,,,,,,,,,,,,,,,,,,,,,,,,,,,,,,,
Christopher G. Wood,6.0,7.0,1.0,3.0,1.0,9.0,8.0,1.0,2.0,3.0,,5.0,4.0,1.0,1.0,5.0,1.0,1.0,1.0,1.0,5.0,1.0,2.0,,,,1.0,,1.0,,,,,,1.0,2.0,1.0,3.0,3.0,3.0,1.0,2.0,5.0,1.0,1.0,3.0,,1.0,,,,,,,
Christopher Logothetis,,,,,,,,,,11.0,,,,,,,,,,,,,,,,,,,,,,,,,,,,,,,,,,,,,,,,,,,,,
Christopher Sweeney,,,,,,,,,,5.0,,,,,,,,,,,,,1.0,,,,,,,,,,,,,,,,,,,,,,,,,,,,,,,,
Christopher W. Ryan,,,,,,,,,,1.0,,,3.0,,,1.0,,,,,,,,,,,,,,,,,,,,,,,,,,,,,,,,,,,,,,,
Christopher Y. Thomas,,8.0,3.0,1.0,,2.0,3.0,,2.0,3.0,,5.0,1.0,,,,1.0,1.0,1.0,1.0,1.0,1.0,2.0,,,,1.0,,1.0,,,,,,1.0,2.0,,1.0,2.0,2.0,,,1.0,,1.0,,,,,,,,,,
Christos Fountzilas,,,,,,,,,3.0,,,,,,,,,1.0,,,,,,,,,,,,,,,,,,,,,,,,,,,,,,,,,,,,,
Christos Kyriakopoulos,,,,,,,,,,4.0,,,,,,,,,,,,,,,,,,,,,,,,,,,,,,,1.0,,,,,,,,,,,,,,
Claire F. Verschraegen,,,,2.0,,,,,,,,2.0,,,,,,,,,,,,,,,,,,,,,,,,1.0,,,,,,,,,,,,,,,,,,,
Claudia M. Dourado,,5.0,,,,1.0,,,2.0,,1.0,11.0,1.0,,,1.0,1.0,,,,,,1.0,,,,,,,,,,,,,,,,1.0,,1.0,,1.0,,,,,,,,,,,,
Claudine Isaacs,,5.0,,,,,,,,,,,,,,,,,,,,,,,,,,,,,,,,,,,,,,,,,,,,,,,,,,,,,
Clinton F. Stewart,,7.0,2.0,,,,,,4.0,,,3.0,1.0,,,,,,2.0,1.0,,1.0,,,,,,,,,,,,,,1.0,,,2.0,,,,,,,,,,,,,,,,
Colin D. Weekes,,,,,,,,,,,,,,,,,,,,,,2.0,,,,,,,,,,,,,,,,,,,,,,,,,,,,,,,,,
Craig A. Bunnell,,5.0,,,,,,,,,,,,,,,,,,,,,,,,,,,,,,,,,,,,,,,,,,,,,,,,,,,,,
Craig Anthony Portell,,,,,,2.0,1.0,,,,,,,,,,,,,,,,,,,,,,,,,,,,,,,,,,,,,,2.0,,,,,,,,,,
Craig C. Hofmeister,,,,,,,2.0,,,,,,,,,,,,,,,,,,,,,,,,,,,,,,,,,,,,,,,,3.0,,,,,,,,
Craig H. Moskowitz,,,,,,,1.0,,,,,,,,,,,,,,,,,,,,,,,,,,,,,,,,,,,,,,,,,,,,,,,,
Craig L. Slingluff,,4.0,1.0,2.0,1.0,,1.0,,,1.0,,1.0,1.0,,,1.0,,,1.0,1.0,,1.0,1.0,,,,1.0,,,,,,,,,,1.0,8.0,21.0,1.0,,,,,,,,,,,,,,,
Cristiane Takita,,1.0,1.0,,,,,,,,,,,,,,,,,,,,,,,,,,,,,,,,,,,,,,,,,,,,,,,,,,,,
Crystal S. Denlinger,,,,,,,,,1.0,,,,,,,,,,,1.0,,,,,,,,,,,,,,,,,,,,,,,,,,,,,,,,,,,
Cullen M. Taniguchi,,,,,,,,,,,,,,,,,,,,,,1.0,,,,,,,,,,,,,,,,,,,,,,,,,,,,,,,,,
Curtiland Deville,,,,,,,,,,1.0,,,,,,2.0,,,,,,,,,,,,,,,,,,,,,,,,,,,,,,,,,,,,,,,
Cynthia E. Herzog,,,,,,1.0,1.0,,,,,,,1.0,,2.0,,,,,,,,,,,,,,,,,,,,,,,,,,1.0,,,,1.0,,,,,,,,,
D. Ross Camidge,,1.0,1.0,,,,1.0,,,1.0,,4.0,,,,,,,,,,,,,,,,,,,,,,,,,,,,,,,,,,,,,,,,,,,
Damian A. Laber,,,1.0,,,,,,,1.0,,,,,,,,,,,,,,,,,,,,,,,,,,,,,,,,,,,,,,,,,,,,,
Daniel Aaron Pollyea,,,,,,1.0,,,,,,,,,,,,,,,,,,,,,,,,,,,,,,,,,,,,,,1.0,,,,,,,,,,,
Daniel D. Karp,,1.0,1.0,,,,,,,1.0,,1.0,,,,,,,,,,,,,,,,,,,,,,,,,,,,,,,,,,,,,,,,,,,
Daniel J. DeAngelo,,,,,,8.0,,,,,,,,,,,,,,,,,,,,,,,,,,,,,,,,,,,,,3.0,1.0,,,,,,,,,,,
Daniel J. Moore,1.0,10.0,2.0,1.0,,3.0,2.0,,3.0,5.0,,12.0,5.0,,,1.0,,1.0,1.0,1.0,,2.0,4.0,,,,1.0,,1.0,,,1.0,,,1.0,1.0,,2.0,1.0,1.0,1.0,,,1.0,1.0,,,,,,,,,,
Daniel Jae Kim,,1.0,,,,,,,,1.0,,,,,,,,,,,,,,,,,,,,,,,,,,,,,,,,,,,,,,,,,,,,,
Daniel M. Geynisman,,,,,,,,,,,,,1.0,,,,,,,,,,2.0,,,,,,,,,,,,,,,,,,,,,,,,,,,,,,,,
Daniel M. Green,2.0,14.0,3.0,2.0,1.0,1.0,1.0,,4.0,3.0,2.0,13.0,6.0,,,1.0,1.0,1.0,2.0,2.0,,2.0,5.0,1.0,1.0,1.0,2.0,1.0,2.0,1.0,1.0,1.0,2.0,1.0,3.0,2.0,2.0,2.0,4.0,1.0,1.0,1.0,1.0,,,1.0,1.0,,,,1.0,,,,
Daniel M. Halperin,,,1.0,,,,,,1.0,,1.0,,,,,,,,,1.0,,3.0,,1.0,,,1.0,1.0,,,1.0,,,1.0,,,,,,,,,,,,,,,,,,,,,
Daniel Mulkerin,,1.0,,,,,1.0,,1.0,,,,,,,,,,,,,,,,,,,,,,,,,,,,,,,,,,,,,,1.0,,,,,,1.0,,
Daniel P. Silver,,11.0,2.0,4.0,1.0,2.0,1.0,,4.0,3.0,1.0,8.0,5.0,,,,1.0,1.0,3.0,3.0,,3.0,6.0,1.0,1.0,1.0,2.0,1.0,2.0,1.0,1.0,1.0,1.0,1.0,2.0,3.0,2.0,1.0,1.0,2.0,1.0,,,1.0,1.0,,,,,,1.0,,,,
Daniel Peter Petrylak,,,,,,,,,,1.0,,,,,,,,,,,,,1.0,,,,,,,,,,,,,,,,,,,,,,,,,,,,,,,,
Daniel V.T. Catenacci,,1.0,1.0,1.0,,,1.0,,1.0,1.0,,1.0,1.0,,,,,1.0,2.0,2.0,,1.0,1.0,,,,1.0,,1.0,,,,,,1.0,1.0,,1.0,1.0,1.0,,,,,,,,,,,,,,,
Daniel William Golden,,9.0,1.0,1.0,,1.0,1.0,,3.0,1.0,1.0,8.0,3.0,,,,,1.0,1.0,1.0,,1.0,3.0,,,,1.0,,1.0,,,,,,1.0,1.0,,1.0,2.0,1.0,1.0,,,,1.0,,,,,,,,,,
Daphne A. Haas-Kogan,1.0,,,,,,,,,,,,,,,,,,,,,,,,,,,,,,,,,,,,,,,,,,,,,,,,,,,,,,
Daphne B. Stewart,,1.0,,,,,,,1.0,,,,,,,,,,,,,,,,,,,,,,,,,,,,,,,,,,,,,,,,,,,,,,
David A. Liebner,,,,,,,,,,,,,,,,,,,,,,,,,,,,,,,,,,,,,,,,,1.0,,,,,,,,,,,,,,
David A. Reardon,3.0,,,,,,,,,,,,,,,,,,,,,,,,,,,,,,,,,,,,,,,,,,,,,,,,,,,,,,
David A. Scheinberg,,,,,,2.0,,,,,,,,,,,,,,,,,,,,,,,,,,,,,,,,,,,,,,,,,,,,,,,,,
David Christopher Fisher,,4.0,4.0,,,,,,1.0,1.0,,3.0,1.0,,,,,,,,,,,,,,,1.0,,,,,,,,1.0,,1.0,3.0,,1.0,,,,,,,,,,,,,,
David E. Kozono,,,,,,,,,,,,1.0,,,,,,,,,,,,,,,,,,,,,,,,,,,,,,,,,,,,,,,,,,,
David Eric Piccioni,1.0,,,,,,,,,,,,,,,,,,,,,,,,,,,,,,,,,,,,,,,,,,,,,,,,,,,,,,
David Euhus,,1.0,,,,,,,,,,,,,,,,,,,,,,,,,,,,,,,,,,,,,,,,,,,,,,,,,,,,,
David G. Pfister,,,5.0,,,,,,,,,,,,,,,,1.0,,,,,,,,,,,,,,,,,,,1.0,,,,,,,,,,,,,,,,,
David H. Ilson,,,,,,,,,,,,,,,,,,,11.0,4.0,,,,,,,,1.0,,,,,,,,,,,,,,,,,,,,,,,,,,,
David J. Chung,,2.0,2.0,1.0,1.0,1.0,,,3.0,,1.0,3.0,1.0,,,,1.0,,1.0,1.0,,1.0,1.0,1.0,1.0,1.0,1.0,1.0,1.0,1.0,1.0,1.0,2.0,1.0,2.0,1.0,1.0,,,,1.0,,,,1.0,,1.0,,,,,,,,
David J. Straus,,,,,,2.0,6.0,1.0,,,,,,,,,,,,,,,,,,,,,,,,,,,,,,,,,,,,,,,2.0,,,,,,,,
David J. Vaughn,,,,,,,,,,,,,1.0,,,,,,,,,,1.0,,,,,,,,,1.0,,,,,,,,,,,,,,,,,,,,,,,
David James Inwards,,,,,,,1.0,,,,,,,,,,,,,,,,,,,,,,,,,,,,,,,,,,,,,,,,,,,,,,,,
David M. Peereboom,2.0,2.0,,,,,,,,,,,,,,,,,,,,,,,,,,,,,,,,,,,,,,,,,,,,,,,,,,,,,
David P. Ryan,,4.0,2.0,3.0,2.0,,1.0,,2.0,1.0,1.0,4.0,1.0,,,,1.0,1.0,3.0,3.0,,2.0,3.0,1.0,1.0,1.0,2.0,1.0,2.0,1.0,1.0,1.0,1.0,1.0,2.0,2.0,1.0,1.0,2.0,1.0,,,,,,,,,,,,,,,
David P. Steensma,,,,,,1.0,1.0,,,,,,,,,,,,,,,,,,,,,,,,,,,,,,,,,,,,,,,,1.0,,,,,,,,
David Paul Carbone,2.0,6.0,2.0,2.0,2.0,,3.0,,2.0,2.0,,2.0,,,,2.0,,,,,,1.0,,,,,1.0,,,,,,,,,1.0,,1.0,1.0,,,,,,,,,,,,,,,,
David Paul Kelsen,,,,,,,,,,,,,,,,,,,4.0,3.0,,1.0,,,,,,,,,,,,,,,,,,,,,,,,,,,,,,,,,
David R. Fogelman,,,,,,,,,,,,,,,,,,,,,,4.0,,,,,,,,,,,,,,,,,,,,,,,,,,,,,,,,,
David R. Spriggs,,,1.0,5.0,2.0,,2.0,,,,,,,,,,,,,,,,,,,,,,,,,,,,,,,,,,,,,,,,,,,,,,,,
David Raben,,,2.0,,,,,,,,,,,,,,,,,,,,,,,,,,,,,,,,,,,,,,,,,,,,,,,,,,,,
David Randolph Jones,,3.0,,,,,,,,,,2.0,1.0,,,,,,,,,,,,,,,,,,,,,,,,,,,,,,,,,,,,,,,,,,
David S. Ettinger,,,,,,,,,,,,1.0,,,,,,,,,,,,,,,,,,,,,,,,,,,,,,,,,,,,,,,,,,,
David S. Hong,1.0,1.0,,1.0,,,,,2.0,,,2.0,,,,,1.0,,,,,,,,,,,1.0,1.0,,,,,,,,,,2.0,,1.0,,,,,,,,,,,,,,
David Schiff,1.0,,,,,,1.0,,,2.0,,,,,,,,,,,,,,,,,,,,,,,,,,,,,,,,,,,,,,,,,,,,,
David T. Scadden,,,,,,,2.0,,,,,,,,,,,,,,,,,,,,,,,,,,,,,,,,,,,,,,,,,,,,,,,,
David Walterhouse,,,,,,,3.0,,,,,1.0,1.0,3.0,2.0,3.0,1.0,,,,3.0,,,,,,,,,,,,,,,,,,,2.0,,3.0,,,,2.0,,,,,,,,,
Dean F. Bajorin,,,,1.0,,,,,,,,,4.0,,,,,,,,,,8.0,,,,,,,,,2.0,,,,,1.0,,,,,,,,,,,,,,,,,,
Dean Lim,,1.0,,,,,,,,,,1.0,,,,,,,,,,,,,,,,1.0,,,,,,,,,,,,,,,,,,,,,,,,,,,
Debora S. Bruno,,,,,,1.0,,,,1.0,,1.0,,,,,,,,,,,,,,,,,,,,,,,,,,,,,,,,,,,,,,,,,,,
Deborah Schrag,,,,,,,,,2.0,,,,,,,,,,,,,1.0,,,,,,,,,,,,,,,,,,,,,,,,,,,,,,,,,
Dennis Chi,,,,6.0,3.0,,,,1.0,,,3.0,,,,,,,,,,,,,,,,,,,1.0,,,2.0,,1.0,,,1.0,,,,,,,,,,,,,,,,
Dennis Frederic Moore,,1.0,,,,,,,,,,,,,,,,,,,,,,,,,,,,,,,,,,,,,,,,,,,,,,,,,,,,,
Dhaval R. Mehta,,,,,,,,,,1.0,,,,,,,,,,,,,,,,,,,,,,,,,,,,,,,,,,,,,,,,,,,,,
Diane C. Bodurka,,,,6.0,1.0,,,,,,,,,,,,,,,,,,,,,,1.0,,,,,,,,,,,,,,,,,,,,,,,,,,,,
Diane Mary Radford,,,,1.0,1.0,,,,,,,,,,,,,,,,,,,,,,,,,,,,,,,,,,,,,,,,,,,,,,,,,,
Dineo Khabele,,,,1.0,,,,,,,,,,,,,,,,,,,,,,,,,,,,,,,,,,,,,,,,,,,,,,,,,,,
Don M. Benson,,,,,,,,,2.0,,,,,,,,,,,,,,,,,,,,,,,,,,,,,,,,,,,,,,1.0,,,,,,,,
Donald P. Lawrence,1.0,10.0,3.0,4.0,2.0,6.0,2.0,2.0,5.0,1.0,1.0,6.0,2.0,,,1.0,,1.0,,2.0,,1.0,3.0,,,1.0,1.0,,,,1.0,1.0,,1.0,,1.0,,2.0,3.0,,,,,4.0,1.0,,,,,,,,,,
Donald W. Northfelt,,5.0,,,,,,,,,,,,,,,,,,,,,,,,,,,,,,,,,,,,,,,,,,,,,,,,,,,,,
Douglas A. Nelson,,1.0,,,,,,,,,,,,,,,,,,,,,,,,,,,,,,,,,,,,,,,,,,,,,,,,,,,,,
Douglas Edward Ney,,,,,,,1.0,,,,,,,,,,,,,,,,,,,,,,,,,,,,,,,,,,,,,,,,,,,,,,,,
Douglas Yee,,4.0,,,,,,,,,,,,,,,,,1.0,1.0,,,,,,,,,,,,,,,,,,,,,,,,,,,,,,,,,,,
Eddy J. Chen,,2.0,2.0,2.0,1.0,,1.0,,2.0,1.0,1.0,2.0,1.0,,,,1.0,1.0,2.0,2.0,,2.0,2.0,1.0,1.0,1.0,2.0,1.0,3.0,1.0,1.0,1.0,1.0,1.0,2.0,2.0,1.0,1.0,1.0,1.0,,,,,,,,,,,,,,,
Edith A. Perez,,24.0,,,,,,,,,,2.0,,,,,,,,,,,,,,,,,,,,,,,,,,,,,,,,,,,,,,1.0,,,,,
Edmund Folefac,,,,,,,,,,2.0,,1.0,,,,,,,,,,,1.0,,,,,,,,,,,,,,,,,,,,,,,,,,,,,,,,
Eduardo Bruera,,,,,,1.0,1.0,1.0,,,,,,,,,,,,,,,,,,,,,,,,,,,,,,,,,,,,,,,1.0,,,,,,,,
Edward B. Perkins,,24.0,3.0,1.0,,3.0,3.0,1.0,10.0,6.0,,14.0,7.0,,,,,1.0,1.0,2.0,,1.0,3.0,,,1.0,1.0,,1.0,,,1.0,,,1.0,2.0,,1.0,4.0,1.0,,,,1.0,1.0,,,,,,,,,,
Edwin Alyea,,,,,,1.0,1.0,,,,,,,,,,,,,,,,,,,,,,,,,,,,,,,,,,,,,,,,,,,,,,,,
Edwin Choy,,,,,,,,,,,,,,,,5.0,,,,,,,,,,,,,,,,,,,,,,,,,,2.0,,,,,,,,,,,,,
Efrat Dotan,,1.0,,,,,,,3.0,,,,,,,,,3.0,,,,1.0,,,,,,,,,,,,,,,,,,2.0,,,,,,,,,,,,,,,
Egidio Del Fabbro,,1.0,,,,,,,,,,,,,,,,,,,,,,,,,,,,,,,,,,,,,,,,,,,,,,,,,,,,,
Eileen Mary O'Reilly,,,,,,,,,,,,,,,,,,,,,,1.0,,,,,,,,,,,,,,,,,,,,,,,,,,,,,,,,,
Elaine Morgan,,,,,,1.0,,1.0,,,,,,,,,,,,,,,,,,,,,,,,,,,,,,,,1.0,,,,1.0,,,,,,,,,,,
Elias Jabbour,,,,,,22.0,3.0,,,,,,,,,,,,,,,,,,,,,,,,,,,,,,,,,,,,14.0,2.0,,,,3.0,,,,,2.0,,
Elias Obeid,,1.0,,,,,,,,1.0,,,,,,,,,,,,,,,,,,,,,,,,,,,,,,,,,,,,,,,,,,,,,
Elisabeth I. Heath,,,,,,,,,,7.0,,,,,,,,,,,,,,,,,,,,,,,,,,,,,,,,,,,,,,,,,,,,,
Elise D. Cook,,,,,,,,,1.0,,,,,,,,,,,,,,,,,,,,,,,,,,,,,,,,,,,,,,,,,,,,,,
Elizabeth A. Blair,7.0,29.0,10.0,3.0,1.0,11.0,7.0,2.0,13.0,11.0,1.0,14.0,5.0,1.0,1.0,9.0,1.0,1.0,1.0,1.0,5.0,3.0,2.0,,,,1.0,,,,,1.0,,,,1.0,,2.0,2.0,,,,1.0,1.0,1.0,,2.0,,,,,,,,
Elizabeth A. Griffiths,,3.0,,,,3.0,,2.0,,,,,,,,,,,,,,,,,,,,,,,,,,,,,,,,,1.0,,,3.0,,,,,,,,,,,
Elizabeth A. Mittendorf,,4.0,,1.0,,,,,,,,,,,,,,,,,,,,,,,,,,,,,,,,,,,,,,,,,,,,,,,,,,,
Elizabeth Anne Mullen,,,,,,,,,,,,,1.0,,,,,,,,,,,,,,,,,,,,,,,,,,,,,,,,,,,,,,,,,,
Elizabeth J. Shpall,,,,,,3.0,2.0,1.0,,,,,,,,,,,,,,,,,,,,,,,,,,,,,,,,,,,1.0,,,,,,,,,,,,
Elizabeth M. Jaffee,,,,,,,,,,,,,,,,,,,,,,2.0,,,,,,,,,,,,,,,,,,,,,,,,,,,,,,,,,
Elizabeth R Kessler,,1.0,,,,,,,1.0,1.0,,1.0,1.0,,,,,,,,,,1.0,,,,,,,,,,,,,,,,,,,,,,,,,,,,,,,,
Ellin Berman,,,,,,3.0,,,,,,,,,,,,,,1.0,,,,,,,,,,,,,,,,,,,,,,,,,,,,1.0,,,,,,,
Emese Zsiros,,,,2.0,2.0,,,,,,,,,,,,,,,,,,,,,,,,,,,,,,,,,,,,,,,,,,,,,,,,,,
Emmanuel S. Antonarakis,,,,,,,,,,2.0,,,,,,,,,,,,,,,,,,,,,,,,,,,,,,,,,,,,,,,,,,,,,
Eric Jeffrey Sherman,,1.0,,,,,,,,,,4.0,,,,,,,,,,,,,,,,,,,,,,,,,,,,,,,,,,,,,,,,,,,
Eric L. Chang,1.0,,1.0,,,4.0,7.0,1.0,1.0,1.0,,1.0,2.0,6.0,5.0,6.0,1.0,,,,8.0,,,,,,,,1.0,,,,,,,,1.0,,,7.0,,6.0,3.0,1.0,,6.0,,,,,,,,,
Eric P. Winer,,4.0,,,,,,,,,,,,,,,,,,,,,,,,,,,,,,,,,,,,,,,,,,,,,,,,,,,,,
Eric S. Winer,,2.0,,,,1.0,,1.0,,,,,,,,,,,,,,,,,,,,,,,,,,,,,,,,,,,,1.0,,,,,,,,,,,
Erica L. Mayer,,1.0,,,,,,,,,,,,,,,,,,,,,,,,,,,,,,,,,,,,,,,,,,,,,,,,,,,,,
Erin Marie Bertino,,,,,,,,,,,,4.0,,,,,,,,,,,,,,,,,,,,,,,,,,,,,,,,,,,,,,,,,,,
Erminia Massarelli,,,,,,,,,,,,1.0,,,,,,,,,,,,,,,,,2.0,,,,,,,,,,,,,,,,,,,,,,,,,,
Ernest Hawk,,,,,,,,,1.0,,,,,,,,,,,,,,,,,,,,,,,,,,,,,,,,,,,,,,,,,,,,,,
Eunice S. Wang,,,,,,2.0,,,,,,,,,,,,,,,,,,,,,,,,,,,,,,,,,,,1.0,,1.0,1.0,,,,,,,,,,,
Evan Hersh,,,,,,,,,,,,1.0,,,,,,,,,,2.0,,,,,,,,,,,,,,,,,2.0,,,,,,,,1.0,,,,,,,,
Evan J. Lipson,,,,,,,,,,,,1.0,1.0,,,,,,,,,,,,,,,,,,,,,,,,,1.0,4.0,,,,,,,,,,,,,,,,
Evanthia Galanis,6.0,,,3.0,1.0,,,,,,,,,,,,,,,,,1.0,,,,,,,,,,,,,,,,,1.0,,,,,,,,,,,,,,,,
Everett E. Vokes,,,4.0,,,,,,,,,3.0,,,,,,,1.0,,,,,,,,,,,,,,,,,,,,,,,,,,,,,,,,,,,,
Eytan Stein,,,,,,1.0,,,,,,,,,,,,,,,,,,,,,,,,,,,,,,,,,,,,,,1.0,,,,,,,,,,,
F. Stephen Hodi,,,,,,,,,,,,,1.0,,,1.0,,,,,,,,,,,,,,,,,,,,,,2.0,14.0,,,,,,,,,,,,,,,,
Fabio Pires De Souza Santos,,,,,,1.0,,1.0,,,,,,,,,,,,,,,,,,,,,,,,,,,,,,,,,,,,1.0,,,,,,,,,,,
Farhad Ravandi,,,,,,24.0,2.0,6.0,,,,,,,,,,,,,,,,,,,,,,,,,,,,,,,,,1.0,,5.0,8.0,3.0,,,4.0,1.0,,,,,,
Felipe Samaniego,,,,,,,5.0,,,,,,,,,,,,,,,,,,,,,,,,,,,,,,,,,,,,,,,,,,,,,,,,
Ferdinandos Skoulidis,,,,,,,,,,,,1.0,,,,,,,,,,,,,,,,,,,,,,,,,,,,,,,,,,,,,,,,,,,
Fernando Quevedo,,,,,,,,,,,,,1.0,,,,,,,,,,,,,,,,,,,,,,,,,,,,,,,,,,,,,,,,,,
Francine M. Foss,,,,,,,7.0,,,,,,,,,,,,,,,,,,,,,,,,,,,,,,,,,,,,,,,,1.0,,,,,,,,
Francisco J. Hernandez-Ilizaliturri,,,,,,,4.0,,,,,,,,,,,,,,,,,,,,,,,,,,,,,,,,,,,,,,,,,,,,,,1.0,1.0,
Frank A. Sinicrope,,,,,,,,,3.0,,,,,,,,,,,,,,,,,,,,,,,,,,,,,,,,,,,,,,,,,,,,,,
Frank C. Detterbeck,,,,,,,,,,,,1.0,,,,,,,,,,,,,,,,,,,,,,,,,,,,,,,,,,,,,,,,,,,
Frank Mott,,,,1.0,,2.0,11.0,1.0,,,,,3.0,9.0,8.0,9.0,1.0,,,,9.0,,,,,,,,1.0,,,,,,,,1.0,,,9.0,1.0,9.0,1.0,1.0,,9.0,,,,,,,,,
Frank V. Fossella,,,1.0,,,,,,,,,1.0,1.0,,,,,,,,,,,,,,,,,,,,,,,,,,1.0,,,,,,,,,,,,,,,,
Frederick F. Lang,3.0,,,,,,,,,,,,,,,,,,,,,,,,,,,,,,,,,,,,,,,,,,,,,,,,,,,,,,
Funda Meric-Bernstam,,6.0,,,,,,,,,,,,,,1.0,,,,,,,,,,,,,,,,,,,,,,,,,,,,,,,,,,,,,,,
Gabriel Lopez,,1.0,,,,,,,,,,1.0,,,,,,,,,,1.0,,,,,,,,,,,,,,,,,,,,,,,,,,,,,,,,,
Gabriel N. Hortobagyi,,1.0,,,,,,,,,,,,,,,,,,,,,,,,,,,,,,,,,,,,,,,,,,,,,,,,,,,,,
Gabriela Hobbs,,,,,,2.0,,,,,,,,,,,,,,,,,,,,,,,,,,,,,,,,,,,,,,2.0,,,,,,,,,,,
Gabriella D'Andrea,,1.0,,,,,,,,,,,,,,,,,,,,,,,,,,,,,,,,,,,,,,,,,,,,,,,,,,,,,
Gargi H. Upadhyaya,,,,,,,,,1.0,,,,,,,,,1.0,,,,,,,,,,,,,,,,,,,,,,,,,,,,,,,,,,,,,
Gary C. Doolittle,,,,,,,,,,,,,,,,,,,,,,,,,,,,,,,,,,,,,,,4.0,,,,,,,,,,,,,,,,
Gary W. Takahashi,,1.0,,,,,,,,,,,,,,,,,,,,,,,,,,,,,,,,,,,,,,,,,,,,,,,,,,,,,
Geoffrey Shapiro,,,1.0,,,,,,,,,3.0,,,,,,,,,,1.0,,,,,,,,,,,,,,,,,,,,,,,,,,,,,,,,,
George D. Demetri,,1.0,,,,,,,,,,,,,,5.0,6.0,,,,,,,,,,,,,,,,,,,,,,,,,,,,,,,,,,,,,,
George H. Perkins,5.0,25.0,17.0,3.0,2.0,2.0,3.0,1.0,6.0,13.0,,24.0,7.0,,,4.0,,3.0,3.0,2.0,,4.0,3.0,,,,3.0,,1.0,,,,,,1.0,3.0,,3.0,4.0,1.0,2.0,,,1.0,,,,,,,,,,,
George J. Chang,,2.0,,,,,,,1.0,,,,,,,,,1.0,,,,,,,,,,,1.0,,,,,,,,,,,,,,,,,,,,,,,,,,
George Plitas,,1.0,,,,,,,,,,,,,,,,,,,,,,,,,,,,,,,,,,,,,,,,,,,,,,,,,,,,,
George R. Simon,,13.0,3.0,5.0,4.0,1.0,3.0,,6.0,6.0,2.0,20.0,3.0,,,,2.0,1.0,2.0,2.0,,3.0,2.0,1.0,1.0,2.0,3.0,1.0,2.0,1.0,1.0,1.0,1.0,1.0,2.0,3.0,1.0,2.0,5.0,2.0,,,,1.0,,,2.0,,,,,,,,
George Thomas Budd,,4.0,,1.0,,1.0,1.0,1.0,,,,,,,,,,,,,,,,,,,,,,,,,,,,,,,,,,,,,,,1.0,,,,,,,,
George Wilding,,1.0,1.0,1.0,,1.0,3.0,,8.0,7.0,,5.0,,,,,,,2.0,,,,,,,,,,,,,,,,,,,,1.0,1.0,,,,,,,,,,,,,1.0,1.0,
Gerardo Colon-Otero,,,,3.0,3.0,,,,,,,,,,,1.0,,,,,,,,,,,,,,,,,,,,1.0,,,,,,,,,,,,,,,,,,,
Gerold Bepler,,,,,,,,,,,,7.0,,,,,,,,,,,,,,,,,,,,,,,,,,,,,,,,,,,,,,,,,,,
Ghassan K. Abou-Alfa,,,,,,,,,,,,,,,,,,,,,,,,,,,,,,,,,,,,,,,,2.0,,,,,,,,,,,,,,,
Gina G. Chung,,,,,,,,,1.0,,,,,,,,,,,1.0,,,,,,,,,,,,,,,,,,,,1.0,,,,,,,,,,,,,,,
Gini F. Fleming,,2.0,,,,,,,,,,,,,,,,,,,,,1.0,,,,1.0,,,,1.0,,,,,3.0,,,,,,,,,,,,,,,,,,,
Glenn Liu,,1.0,1.0,1.0,,,,,1.0,7.0,,,4.0,,,1.0,,,1.0,1.0,,1.0,,,,,,,,,,,,,,,,,,,,,,,,,,,,,,,,,
Gloria S. Huang,,,,,,,,,,,,,,,,,,,,,,,,,,,,,,,,,,,,,,,,1.0,,,,,,,,,,,,,,,
Gordon J. Freeman,,6.0,2.0,2.0,1.0,,3.0,,3.0,1.0,1.0,6.0,1.0,,,,1.0,1.0,2.0,2.0,,2.0,2.0,1.0,1.0,1.0,2.0,1.0,2.0,1.0,1.0,1.0,1.0,1.0,2.0,2.0,1.0,1.0,1.0,1.0,,,,,,,,,,,,,,,
Grace K. Dy,,,1.0,,,,,,,,,6.0,,,,,,,,,,,,,,,,,,,,,,,,,,,,,,,,,,,,,,,,,,,
Gregory A. Abel,,,,,,,,2.0,,,,,,,,,,,,,,,,,,,,,,,,,,,,,,,,,,,,,,,,,,,,,,,
Gregory A. Daniels,,8.0,1.0,,,,,,1.0,3.0,,7.0,1.0,,,,,,,,,,1.0,,,,,,,,,,1.0,,1.0,,,2.0,3.0,,1.0,,,,,,,,,,,,,,
Gregory Idos,,1.0,,1.0,,,,,,,,,,,,,,,,,,,,,,,,,,,,,,,,,,,,,,,,,,,,,,,,,,,
Gregory J. Riely,,,,,,,,,,,,2.0,,,,,,,,,,,,,,,,,,,,,,,,,,,,,,,,,,,,,,,,,,,
Gregory M.M. Videtic,,,,,,,,,,,,3.0,,,,,,,,,,,,,,,,,,,,,,,,,,,,,,,,,,,,,,,,,,,
Gregory Raskin,,1.0,,,,,,,,,,,,,,,,,,,,,,,,,,,,,,,,,,,,,,,,,,,,,,,,,,,,,
Grzegorz S. Nowakowski,,1.0,,,,1.0,6.0,,,,,,,,,,,,,,,,,,,,,,,,,,,,,,1.0,,,,,,1.0,,,,,,1.0,,,,1.0,1.0,
Guenther Koehne,,,,,,,,,,,,,,,,,,,,,,,,,,,,,,,,,,,,,,,,,,,,,,,1.0,,,,,,,,
Guillermo Garcia-Manero,,,,,,20.0,,15.0,,,,,,,,,,,,,,,,,,,,,,,,,,,,,,,,,,,1.0,4.0,,,,1.0,,,,,,,
Guru Sonpavde,,,,,,,,,,4.0,,,1.0,,,,,,,,,,1.0,,,,,,,,,,,,,,,,,,,,,,,,,,,,,,,,
Hagop M. Kantarjian,,,,,,20.0,1.0,9.0,,,,,,,,,,,,,,,,,,,,,,,,,,,,,,,,,,,3.0,7.0,2.0,,,2.0,,,,,,,
Haider Mahdi,,,,,,,,,,,,,,,,,,,,,,,,,,,,,,,,,,,,1.0,,,,,,,,,,,,,,,,,,,
Haiying Cheng,,,,,,,,,,,,1.0,,,,,,,,,,,,,,,,,,,,,,,,,,,,,,,,,,,,,,,,,,,
Han Xiao,,,1.0,,,,2.0,,1.0,1.0,,,,,,,,1.0,1.0,2.0,,,,,,,,,,,,,,,,,,,,2.0,,,,,,,,,,,,,,,
Harold J. Burstein,,7.0,,,,,,,,,,,,,,,,,,,,,,,,,,,,,,,,,,,,,,,,,,,,,,,,,,,,,
Harriet M. Kluger,,,,,,,,,,,,1.0,1.0,,,,,,,,,,,,,,,,,,,,,,,,,,2.0,,,,,,,,,,,,,,,,
Harry H. Yoon,,,,,,,,,,,,,,,,,,,1.0,2.0,,,,,,,,,,,,,,,,,,,,,,,,,,,,,,,,,,,
Harry W. Herr,,,,,,,,,,,,,,,,,,,,,,,2.0,,,,,,,,,,,,,,,,,,,,,,,,,,,,,,,,
Harvey J. Mamon,,,,,,,,,,,,,,,,,,,1.0,,,1.0,,,,,,,,,,,,,,,,,,,,,,,,,,,,,,,,,
Hassane M. Zarour,,,,,,,,,,,,,,,,,,,,,,,,,,,,,,,,,,,,,,,1.0,,,,,,,,,,,,,,,,
Hayder Saeed,,,,,,,1.0,,,,,,,,,,,,,,,,,,,,,,,,,,,,,,,,,,,,,,,,,,,,,,,,
Hearn J. Cho,,,,,,,,,,,,,,,,,,,,,,,,,,,,,,,,,,,,,,,,,,,,,,,2.0,,,,,,,,
Heather Anne Parsons,,,,,,,,,,,,3.0,,,,,,,,,,,,,,,,,,,,,,,,,,,,,,,,,,,,,,,,,,,
Hedy L. Kindler,,,,,,,,,6.0,,,,,,,,1.0,1.0,1.0,2.0,,3.0,,,,,,2.0,,,,,2.0,,2.0,,,,,2.0,,,,,,,,,,,,,,,
Heidi D. Klepin,,1.0,,,,3.0,,,,,,,,,,,,,,,,,,,,,,,,,,,,,,,,,,,,,,1.0,,,,,,,,,,,
Heinz-Josef Lenz,,,,,,,,,9.0,,,1.0,,,,,,1.0,,3.0,,1.0,,,,,,,,,,,1.0,,1.0,,,,,1.0,,,,,,,,,,,,,,,
Helen J. Ross,1.0,1.0,1.0,1.0,,,1.0,,1.0,1.0,,3.0,1.0,,,,,1.0,1.0,1.0,,1.0,1.0,,,,1.0,,1.0,,,,,,1.0,1.0,,1.0,1.0,1.0,,,,,,,,,,,,,,,
Henry Brem,1.0,1.0,,,,,1.0,,,,,,,,,,,,,,,,,,,,,,,,,,,,,,,,,,,,,,,,,,,,,,,,
Henry C. Fung,,,,,,1.0,,1.0,,,,,,,,,,,,,,,,,,,,,,,,,,,,,,,,,,,,,,,,,,,,,,,
Henry C. Pitot,,,,,,,,,4.0,,,,1.0,,,,,,,,,,,,,,,,,,,,,,,,,,,,,,,,,,,,,,,,,,
Henry K. Lee,1.0,36.0,7.0,11.0,9.0,3.0,3.0,,9.0,8.0,1.0,19.0,8.0,,,2.0,1.0,2.0,5.0,3.0,,4.0,5.0,1.0,1.0,2.0,6.0,1.0,3.0,1.0,2.0,2.0,1.0,1.0,2.0,10.0,1.0,3.0,8.0,1.0,1.0,,,,2.0,,2.0,,,,,,1.0,,
Hetty E Carraway,,,,,,1.0,,1.0,,,,,,,,,,,,,,,,,,,,,,,,,,,,,,,,,,,,1.0,,,,,,,,,,,
Hongbin Chen,,1.0,,,,,,,,,,3.0,,,,,,,,,,,,,,,,,,,,,,,,,,,,,,,,,,,,,,,,,,,
Hossein Borghaei,,,,,,,,,,,,6.0,,,,,,,,,,,,,,,,,,,,,,,,,,,,,,,,,,,,,,,,,,,
Howard Colman,1.0,,,,,,,,,,,,,,,,,,,,,,,,,,,,,,,,,,,,,,,,,,,,,,,,,,,,,,
Howard E. Kaufman,,,,,,,,,,1.0,,,,,,,,,,,,,,,,,,,,,,,,,,,,,1.0,,,,,,,,,,,,,,,,
Howard I. Scher,1.0,1.0,1.0,1.0,,1.0,,,1.0,8.0,,1.0,1.0,,,,,,,1.0,,,1.0,,,,,,,,,,,,,,,1.0,1.0,,,,,,,,,,,,,,,,
Howard L. McLeod,,19.0,2.0,2.0,1.0,1.0,2.0,1.0,6.0,2.0,,10.0,4.0,,,,,2.0,1.0,2.0,,1.0,1.0,,,2.0,2.0,,1.0,,,,,,1.0,1.0,,1.0,1.0,1.0,1.0,,,1.0,,,,,,,,,,,
Howard P. Tay,,1.0,,,,,,,,,,,,,,,,,,,,,,,,,,,,,,,,,,,,,,,,,,,,,,,,,,,,,
Howard West,10.0,88.0,10.0,29.0,18.0,11.0,13.0,4.0,30.0,32.0,3.0,60.0,17.0,,,5.0,2.0,6.0,11.0,10.0,,11.0,14.0,1.0,1.0,3.0,10.0,3.0,3.0,1.0,4.0,4.0,3.0,4.0,4.0,20.0,4.0,10.0,14.0,5.0,2.0,,,1.0,4.0,,4.0,,,2.0,2.0,,,,
Hung T. Khong,,1.0,,,,,,,,,,,,,,,,,,,,,,,,,,,,,,,,,,,,,,,,,,,,,,,,,,,,,
Hyo S. Han,,3.0,,,,,,,,,,,,,,,,,,,,,,,,,,,,,,,,,,,,,,,,,,,,,,,,,,,,,
Ian E. Krop,,6.0,,,,,,,,,,,,,,,,,,,,,,,,,,,,,,,,,,,,,,,,,,,,,,,,,,,,,
Igor Puzanov,,,,,,,,,,,,,,,,,,,,,,,,,,,,,,,,,,,,,,,1.0,,,,,,,,,,,,,,,,
Ingo K. Mellinghoff,,,,,,,1.0,,,,,,,,,,,,,,,,,,,,,,,,,,,,,,,,,,,,,,,,,,,,,,,,
Ira J. Dunkel,,,,,,,,,,,,,,,,,,,,,,,,,,,,,,,,,,,,,,,,,,,,,,,,,,,,1.0,,,
Isaac Yi Kim,,,,,,,,,,4.0,,,,,,,,,,,,,,,,,,,,,,,,,,,,,,,1.0,,,,,,,,,,,,,,
Isabelle Bedrosian,,2.0,,,,,,,,,,,,,,,,,,,,,,,,,,,,,,,,,,,,,,,,,,,,,,,,,,,,,
Issa F. Khouri,,,,,,8.0,14.0,,,,,,,,,,,,,,,,,,,,,,,,,,,,,,,,,,,,1.0,,2.0,,,,,,,,,,
Ivan Borrello,,,,,,,,,,,,,,,,,,,,,,,,,,,,,,,,,,,,,,,,,,,,,,,7.0,,,,,,,,
Jack A. Roth,,,,,,,,,,,,2.0,,,,,,,,,,,,,,,,,,,,,,,,,,,,,,,,,,,,,,,,,,,
Jacqueline Vuky,,1.0,,,,,,,,4.0,,1.0,,,,,,,,,,,,,,,,,,,,,,,,,,,,,,,,,,,,,,,,,,,
Jae Hong Park,,,,,,,,,1.0,,,,,,,,,,,1.0,,2.0,2.0,,,,,,,,,1.0,,,,,,,,,,,,,,,,,,,,,,,
Jaffer A. Ajani,,,,,,,,,1.0,,2.0,,,,,,,,11.0,12.0,,,,,,,,,,,,,,,,,,,,,,,,,,,,,,,,,,,
Jame Abraham,,1.0,,,,,,,,,,,,,,,,,,,,,,,,,,,,,,,,,,,,,,,,,,,,,,,,,,,,,
James B. Yu,1.0,4.0,,,,2.0,3.0,,3.0,1.0,,4.0,1.0,1.0,1.0,2.0,,,,,3.0,,,,,,,,,,,,,,,,1.0,,1.0,2.0,,1.0,2.0,,,1.0,,,,,,,,,
James C. Moore,3.0,43.0,12.0,12.0,8.0,14.0,15.0,1.0,21.0,12.0,1.0,39.0,15.0,,,5.0,1.0,2.0,5.0,6.0,2.0,10.0,9.0,1.0,1.0,1.0,3.0,2.0,3.0,1.0,2.0,2.0,1.0,1.0,2.0,6.0,3.0,2.0,7.0,3.0,2.0,,1.0,2.0,3.0,,2.0,1.0,,,,,,,
James C. Yao,,,,,,,,,1.0,,,,,,,,,,,1.0,,,,,,1.0,,,,,,,,,,,,,,,,,,,,,,,,,,,,,
James D. Griffin,,2.0,2.0,3.0,1.0,4.0,6.0,1.0,1.0,1.0,,2.0,3.0,3.0,3.0,3.0,,2.0,1.0,1.0,4.0,1.0,1.0,,,,2.0,,1.0,,,,,,1.0,1.0,1.0,1.0,1.0,5.0,,3.0,3.0,,1.0,3.0,2.0,1.0,,,,,,,
James Downing,,,,,,1.0,,,,,,,,,,,,,,,,,,,,,,,,,,,,,,,,,,,,,,,,,,,,,,,,,
James E. Ruffer,,,,,,,,,,1.0,,,,,,,,,,,,,,,,,,,,,,,,,,,,,,,,,,,,,,,,,,,,,
James Huang,,3.0,2.0,1.0,1.0,,,,2.0,,1.0,9.0,1.0,,,,1.0,,1.0,2.0,,1.0,1.0,1.0,1.0,1.0,1.0,1.0,1.0,1.0,1.0,1.0,1.0,1.0,1.0,1.0,1.0,,,1.0,,,,,,,,,,,,,,,
James Kevin Hicks,,1.0,,,,,,,1.0,,,,,,,,,,,,,,,,,,,,,,,,,,,,,,,,,,,,,,,,,,,,,,
James L. Abbruzzese,,1.0,,,,,,,1.0,,,,,,,1.0,,,1.0,,,,,,,,,,,,,,,,,,,,,,,,,,,,,,,,,,,,
James M. Foran,,,1.0,,,3.0,1.0,1.0,,,,,,,,,,,,,,,,,,,,,,,,,,,,,,,,,,,,2.0,,,,,,,,,,,
James Stevenson,,,,,,,,,,,,3.0,,,,,,,,,,,,,,,,2.0,,,,,,,,,,,,,,,,,,,,,,,,,,,
Jamie E. Chaft,,,,,,,,,,,,3.0,,,,,,,,,,,,,,,,,,,,,,,,,,,,,,,,,,,,,,,,,,,
Jan C. Buckner,4.0,,,,,,,,,,,,,,,,,,,,,,,,,,,,,,,,,,,,,,,,,,,,,,,,,,,,,,
Jana Portnow,11.0,,,,,,1.0,,,,,,,,,,,,,,,,,,,,,,,,,,,,,,,,,,,,,,,,,,,,,,,,
Janakiraman Subramanian,,,,,,,,,,,,7.0,,,,,,,,,,,,,,,,,,,,,,,,,,,,,,,,,,,,,,,,,,,
Jared David Acoba,,,,,,1.0,,,2.0,,,1.0,,,,,,,,,,1.0,,,,1.0,,,,,,,1.0,,1.0,,,,1.0,,,,,,,,,1.0,,,,,,,
Jarushka Naidoo,,,,,,,,,,,,2.0,,,,,,,,,,,,,,,,,,,,,,,,,,,,,,,,,,,,,,,,,,,
Jasmine M. Zain,,,,,,,2.0,,,,,,,,,,,,,,,,,,,,,,,,,,,,,,,,,,,,,,,,,,,,,,,,
Jason B. Fleming,,,,,,,,,,,,1.0,,,,,,,,,,1.0,,,,,,,,,,,,,,,,,,,,,,,,,,,,,,,,,
Jay P. Ciezki,,,,,,,,,,2.0,,,,,,,,,,,,,1.0,,,,,,,,,,,,,,,,,,,,,,,,,,,,,,,,
Jedd D. Wolchok,,,,,,,,,,,,,,,,,,,,,,,,,,,,,,,,,,,,,,4.0,6.0,,,,,,,,,,,,,,,,
Jeffrey A. Meyerhardt,,1.0,,,,,,,6.0,,,,,,,,,1.0,,,,,,,,,,,,,,,1.0,,,,,,,,,,,,,,,,,,,,,,
Jeffrey A. Morgan,,1.0,,1.0,,2.0,1.0,2.0,1.0,2.0,,2.0,1.0,,,1.0,,,1.0,1.0,,1.0,2.0,,,,,,,,,,,,,1.0,,,,1.0,,1.0,1.0,1.0,,1.0,1.0,1.0,,,,,,,
Jeffrey E Rubnitz,,,,,,7.0,,3.0,,,,,,,,,,,,,,,,,,,,,,,,,,,,,,,,,,,1.0,7.0,,,,,,,,,,,
Jeffrey E. Lancet,,,,,,5.0,,1.0,,,,,,,,,,,,,,,,,,,,,,,,,,,,,,,,,,,,2.0,,,,,,,,,,,
Jeffrey Myers,3.0,4.0,1.0,2.0,,8.0,5.0,1.0,2.0,3.0,,1.0,5.0,3.0,2.0,3.0,2.0,1.0,,,4.0,1.0,1.0,,,,1.0,,1.0,,1.0,,,1.0,,1.0,2.0,,3.0,3.0,,2.0,6.0,2.0,,3.0,,,,,,,,,
Jeffrey N. Weitzel,,1.0,,,,,,,,,,,,,,,,,,,,,,,,,,,,,,,,,,,,,,,,,,,,,,,,,,,,,
Jeffrey William Clark,1.0,8.0,1.0,3.0,,2.0,5.0,1.0,5.0,5.0,1.0,7.0,2.0,3.0,3.0,3.0,1.0,1.0,2.0,2.0,4.0,2.0,2.0,,,,1.0,,1.0,,,,,,1.0,2.0,1.0,2.0,3.0,6.0,,3.0,1.0,1.0,,4.0,,,,,,,,,
Jeffrey Y.C. Wong,,2.0,1.0,,,,,,2.0,,,,,,,,,,,,,,,,,,,,,,,,,,,,,,,,,,,,,,,,,,,,,,
Jennifer A. Chan,,,,,,,,,1.0,,,1.0,,,,,,,2.0,2.0,,6.0,,,,6.0,,,,,,,,,,,,,,,,,,,,,,,,,,,,,
Jennifer A. Ligibel,,9.0,,,,,,,1.0,,,,,,,,,,,,,,,,,,,,,,,,,,,,,,,,,,,,,,,,,,,,,,
Jennifer Elston Lafata,,,,,,,,,1.0,,,,,,,,,,,,,,,,,,,,,,,,,,,,,,,,,,,,,,,,,,,,,,
Jennifer J. Wheler,,,,,,,1.0,,,,,,,,,,,,,,,,,,,,,,,,,,,,,,,,,,,,,,,,,,,,,,,,
Jennifer Lynn Myers,,2.0,,1.0,,,,,1.0,1.0,,2.0,1.0,,,,,,1.0,1.0,,1.0,1.0,,,,,,,,,,,,,1.0,,,,1.0,,,,,,,,,,,,,,,
Jennifer Robinson Diamond,,2.0,,,,,,,,,,,,,,,,,,,,,,,,,,,,,,,,,,,,,,,,,,,,,,,,,,,,,
Jennifer S. Winn,,1.0,,,,,,,,,,,,,,,,,,,,,,,,,,,,,,,,,,,,,,,,,,,,,,,,,,,,,
Jennifer W. Mack,,,,,,,,,,,,,,,,,,,,,1.0,,,,,,,,,,,,,,,,,,,,,,,,,,,,,,,,,,
Jeremy S. Abramson,,,,,,,6.0,,,,,,,,,,,,,,,,1.0,,,,,,,,,,,,,,,,,,,,,,,,,,,,,,,,
Jeremy S. Kortmansky,,,,,,,,,2.0,,,,,,,,,1.0,,,,,,,,,,,,,,,,,,,,,,,,,,,,,,,,,,,,,
Jerome Ritz,,,,,,1.0,,,,,,,,,,,,,,,,,,,,,,,,,,,,,,,,,,,,,,,,,,,,,,,,,
Jhanelle Elaine Gray,,,,,,,,,,,,3.0,,,,,,,,,,,,,,,,,,,,,,,,,,,,,,,,,,,,,,,,,,,
Jill Lacy,,,,,,,,,,,,,,,,,,,,1.0,,2.0,,,,,,,,,,,,,,,,,,,,,,,,,,,,,,,,,
Jill N. Allen,,1.0,,,,,,,,,,,,,,,,,,,,,,,,,,,,,,,,,,,,,,,,,,,,1.0,,,,,,,,,
Jimmy J. Caudell,,,1.0,,,,,,,,,,,,,,,,,,,,,,,,,,,,,,,,,,,,,,,,,,,,,,,,,,,,
Jimmy Ruiz,,,,,,,,,,,,3.0,,,,,,,,,,,,,,,,,,,,,,,,,,,,,,,,,,,,,,,,,,,
Jingsong Zhang,,,,,,,,,,3.0,,,1.0,,,,,,,,,,2.0,,,,,,,,,,,,,,,,,,,,,,,,,,,,,,,,
Joan L. Kramer,1.0,1.0,,,,,,,,,,,,,,,,,,,,,,,,,,,,,,,,,,,,,,,,,,,,,,,,,,,,,
Joan L. Walker,,,,1.0,1.0,,,,,,,1.0,,,,,,,,,,,,,,,2.0,,,,,,,,,,,,,,,,,,,,,,,,,,,,
Joanne M. Jeter,,,,,,,,,,,,,,,,,,,,,,,,,,,,,,,,,,,,,,1.0,,,,,,,,,,,,,,,,,
Joe Y. Chang,,,,,,,,,,,,6.0,,,,,,,,,,,,,,,,,,,,,,,,,,,,1.0,,,,,,,,,,,,,,,
John A. Ridge,40.0,122.0,34.0,44.0,30.0,65.0,47.0,12.0,34.0,43.0,4.0,87.0,27.0,6.0,4.0,33.0,6.0,9.0,15.0,8.0,11.0,24.0,15.0,1.0,1.0,6.0,12.0,2.0,6.0,1.0,3.0,3.0,3.0,5.0,4.0,23.0,5.0,18.0,31.0,10.0,8.0,5.0,23.0,10.0,6.0,5.0,7.0,4.0,1.0,1.0,1.0,1.0,,,
John C. Araujo,,8.0,,3.0,,,,,,1.0,,,,,,,,,,,,,,,,,,,,,,,,,,2.0,,,1.0,,,,,,,,,,,,,,,,
John C. Barrett,4.0,28.0,11.0,6.0,2.0,6.0,8.0,2.0,9.0,10.0,2.0,24.0,4.0,,,6.0,,,6.0,2.0,,4.0,2.0,,,1.0,,,,,,1.0,1.0,,1.0,4.0,,4.0,4.0,1.0,1.0,,1.0,,2.0,,1.0,,,,,,,,
John C. Byrd,3.0,1.0,,,,13.0,5.0,2.0,,,,2.0,3.0,,,3.0,,,,,2.0,2.0,1.0,,,,,,,,,,,,,,,,,,,,,1.0,4.0,,,,1.0,,,,,,
John D. Mitchell,3.0,28.0,5.0,10.0,8.0,5.0,4.0,1.0,8.0,4.0,2.0,22.0,4.0,,,1.0,1.0,2.0,2.0,2.0,1.0,5.0,3.0,1.0,1.0,1.0,5.0,1.0,2.0,1.0,1.0,1.0,1.0,1.0,2.0,4.0,1.0,2.0,7.0,1.0,,,1.0,,2.0,,1.0,1.0,,,,,,,
John Harris Ward,,1.0,,,,,,,,,,,,,,,,,,,,,,,,,,,,,,,,,,,,,,,,,,,,,,,,,,,,,
John Marshall,,5.0,1.0,1.0,,,,,9.0,1.0,,4.0,1.0,,,,1.0,1.0,2.0,2.0,1.0,4.0,1.0,,,,,,,,,,,,,,,,,,,,,,,,,,,,,,,,
John P. Fruehauf,,,,1.0,,,,,,3.0,,,,,,,,,,,,,,,,,,,,,,,,,,,,,5.0,,,,,,,,,,,,,,,,
John Paul Diaz,,12.0,1.0,4.0,,2.0,11.0,,4.0,5.0,1.0,9.0,4.0,7.0,7.0,7.0,1.0,1.0,1.0,1.0,10.0,1.0,2.0,,,,2.0,,1.0,,1.0,,,,1.0,1.0,1.0,1.0,2.0,9.0,,7.0,2.0,,,7.0,,,,,,,,,
John Paul Y.C. Shen,,,,,,,,,,2.0,,,,,,,,,,,,,,,,,,,,,,,,,,,,,,,,,,,,,,,,,,,,,
John R. Weis,,6.0,3.0,2.0,1.0,3.0,2.0,,3.0,1.0,2.0,9.0,1.0,,,,1.0,1.0,2.0,2.0,,2.0,2.0,1.0,1.0,1.0,2.0,1.0,2.0,1.0,1.0,1.0,1.0,1.0,2.0,2.0,1.0,1.0,1.0,1.0,,,1.0,,2.0,,,,,,,,,,
John Robert Hyngstrom,,,,,,,,,,,,,,,,,,,,,,,,,,,,,,,,,,,,,,,1.0,,,,,,,,,,,,,,,,
John T. Sandlund,,,,,,3.0,5.0,,,,,,,,,,,,,,,,,,,,,,,,,,,,,,,,,,,,3.0,,,,,,,,,,,,
John W. Colberg,,,,,,,,,,,,,,,,,,,,,,,1.0,,,,,,,,,,,,,,,,,,,,,,,,,,,,,,,,
John William Moroney,,,,2.0,2.0,,,,,,,,,,,,,,,,,,,,,,,,,,,,,,,1.0,,,,,,,,,,,,,,,,,,,
Jonathan C. Trent,,,,,,,,,,,,,,,,1.0,1.0,,,,,,,,,,,,,,,,,,,,,,,,,,,,,,,,,,,,,,
Jonathan D. Abramson,,,,1.0,1.0,1.0,1.0,,,,,5.0,2.0,,,,,,,,,1.0,1.0,,,,,,,,,,,,,,,1.0,,,,,,,,,,,,,,,,,
Jonathan E. Rosenberg,,,,,,,,,,1.0,,,2.0,,,,,,,,,,2.0,,,,,,,,,2.0,,,,,,,,,,,,,,,,,,,,,,,
Jonathan R. Strosberg,,,,,,,,,2.0,,,,,,,,,1.0,,,,,,,,,,,,,,,,,,,,,,,,,,,,,,,,,,,,,
Jordan Berlin,,10.0,3.0,3.0,2.0,,1.0,,6.0,1.0,1.0,9.0,2.0,,,1.0,2.0,2.0,2.0,3.0,,8.0,3.0,1.0,1.0,2.0,2.0,1.0,3.0,1.0,1.0,1.0,1.0,1.0,2.0,2.0,1.0,3.0,2.0,2.0,1.0,,,,,1.0,,,,,,,,,
Jorg Dietrich,,2.0,,,,,1.0,,,,,,,,,,,,,,,,,,,,,,,,,,,,,,,,,,,,,,,,,,,,,,,,
Jorge A. Garcia,,1.0,,,,,,,,7.0,,,2.0,,,,,,,,,,2.0,,,,,,,,,,,,,,,,,,,,,,,,,,,,,,,,
Jose G. Bazan,1.0,2.0,,,,,,,,,,1.0,,,,,,,,,,,,,,,,,,,,,,,,,,,1.0,1.0,,,,,,,,,,,,,,,
Jose G. Guillem,,,,,,,,,2.0,,,,,,,,,,,,,,,,,,,,,,,,,,,,,,,,,,,,,,,,,,,,,,
Joseph A. Sparano,,12.0,,,,,1.0,,,,2.0,,,,,,,,,,,,,,,,,,,,,,,,,,,,,,,,,,,,,,,,,,,,
Joseph Anthony Arthur,2.0,16.0,6.0,2.0,1.0,3.0,8.0,,4.0,9.0,1.0,13.0,1.0,,,1.0,,1.0,2.0,1.0,,1.0,2.0,,,,1.0,,,,,,,,,,1.0,3.0,2.0,1.0,1.0,,,,,,,,,,,,,,
Joseph Buscema,,,,1.0,,,,,,,,1.0,,,,,,,,,,,,,,,,,,,,,,,,1.0,,,,,,,,,,,,,,,,,,,
Joseph Chao,10.0,23.0,6.0,26.0,17.0,12.0,5.0,1.0,13.0,5.0,1.0,23.0,8.0,,,11.0,2.0,3.0,7.0,6.0,4.0,8.0,6.0,1.0,1.0,1.0,12.0,4.0,2.0,1.0,3.0,3.0,5.0,6.0,6.0,15.0,2.0,1.0,7.0,5.0,1.0,1.0,3.0,1.0,1.0,,,,,,,1.0,,,
Joseph O. Jacobson,,1.0,,,,,,,,,,,,,,,,,,,,,,,,,,,,,,,,,,,,,,,,,,,,,,,,,,,,,
Joseph P. Uberti,,,1.0,,,1.0,1.0,,,,,1.0,1.0,,,,,,,,,,,,,,,,,,,,,,,,,,1.0,,,,,,,,,,,,,,,,
Joseph Paul Eder,,,,,,,,,,1.0,,,,,,,,,,,,,,,,,,,,,,,,,,,,,,,,,,,,,,,,,,,,,
Joseph Rosenthal,,1.0,2.0,,,4.0,2.0,4.0,,1.0,,,,,,,,,,,,,,,,,,,,,,,,,,,,,,,,,1.0,1.0,,,1.0,,,,,,,,
Joseph W. Kim,1.0,5.0,1.0,2.0,2.0,,2.0,,1.0,1.0,2.0,7.0,1.0,2.0,2.0,2.0,1.0,,1.0,1.0,2.0,2.0,3.0,1.0,1.0,1.0,4.0,1.0,1.0,1.0,1.0,1.0,1.0,1.0,1.0,2.0,1.0,,1.0,2.0,1.0,2.0,,,,2.0,,,,,,,,,
Joshua Michael Lang,,1.0,,1.0,,,,,1.0,1.0,,1.0,1.0,,,,,,1.0,1.0,,1.0,1.0,,,,,,,,,,,,,1.0,,,,1.0,,,,,,,,,,,,,,,
Judith K. Sato,1.0,,,1.0,,,1.0,,,,,,1.0,,,1.0,,,,,1.0,,,,,,,,,,,,,,,,1.0,,,1.0,,,,,,,,,,,,,,,
Jue Wang,,1.0,1.0,1.0,1.0,,,,1.0,2.0,1.0,2.0,1.0,,,,1.0,,1.0,1.0,,2.0,2.0,1.0,1.0,1.0,1.0,1.0,1.0,1.0,1.0,1.0,1.0,1.0,1.0,1.0,1.0,1.0,,,,,,,,,,,,,,,,,
Julia R. White,,3.0,,,,,1.0,,,1.0,,,,,,,,,,,,,,,,,,,,,,,,,,,,,,,,,,,,,,,,,,,,,
Julia S. Wong,,3.0,,,,,,,,,,,,,,,,,,,,,,,,,,,,,,,,,,,,,,,,,,,,,,,,,,,,,
Julie E. Bauman,,,8.0,,,,,,,,,,,,,,,,,,,,,,,,,,,,,,,,,,,,,,,,,,,,,,,,,,,,
Julie R. Brahmer,,,,,,,,,,,,1.0,,,,,,,,,,,,,,,,,,,,,,,,,,,,,,,,,,,,,,,,,,,
Jun Luo,,,,,,,,,,,,,1.0,,,,,,,2.0,,1.0,,,,,,,,,,,,,,,,,,1.0,,,,,,,,,,,,,,,
Kala Visvanathan,,1.0,,,,,,,,,,,,,,,,,,,,,,,,,,,,,,,,,,,,,,,,,,,,,,,,,,,,,
Kara C. Long-Roche,,1.0,,1.0,,,,,,,,,,,,,,,,,,,,,,,,,,,,,,,,,,,,,,,,,,,,,,,,,,,
Karen E. Hoffman,,1.0,,,,,,,,,,,,,,,,,,,,,,,,,,,,,,,,,,,,,,,,,,,,,,,,,,,,,
Karen K. Ballen,,,,,,2.0,2.0,1.0,,,,,,,,,,,,,,,,,,,,,,,,,,,,,,,,,,,,,,,2.0,,,,,,,,
Karen Kelly,,1.0,,,,,,,,,,8.0,,,,,,,,,,1.0,,,,,,,,,,,,,,,,,,,,,,,,,,,,,,,,,
Karen L. Reckamp,,,,,,,,,,,,3.0,,,,,,,,,,,,,,,,,,,,,,,,,,,,,,,,,,,,,,,,,,,
Karen L. Smith,,9.0,1.0,,,1.0,,,2.0,4.0,1.0,5.0,,,,,,,1.0,1.0,,,,,,,,,,,,,,,,,,1.0,1.0,,,,,,,,,,,,,,,,
Karen S. Anderson,1.0,13.0,3.0,2.0,,4.0,1.0,,3.0,4.0,,12.0,,,,,,,2.0,1.0,,,,,,,,,,,,,1.0,,1.0,,,,,,,,1.0,,,,2.0,,,,,,,,
Kari Lynn Kendra,,,,,,,,,,,,,,,,,,,,,,,,,,,,,,,,,,,,,,,1.0,,,,,,,,,,,,,,,,
Karim A. Touijer,,,,,,,,,,1.0,,,,,,,,,,,,,,,,,,,,,,,,,,,,,,,,,,,,,,,,,,,,,
Katherine A. Harris,,,,1.0,1.0,,,,,,,,,,,,,,,,,,,,,,1.0,,,,1.0,,,1.0,,1.0,,,,,,,,,,,,,,,,,,,
Katherine A. Janeway,1.0,,,,,,1.0,,,,,,,2.0,1.0,2.0,,,,,2.0,,,,,,,,,,,,,,,,,,,1.0,,1.0,,,,2.0,,,,,,,,,
Kathleen M. Schmeler,,,,,,,,,,,,,,,,,,,,,,,,,,,5.0,,,,2.0,,,1.0,,1.0,,,,,,,,,,,,,,,,,,,
Kathleen N. Moore,,7.0,1.0,4.0,2.0,2.0,3.0,,5.0,2.0,,9.0,1.0,,,,,1.0,1.0,1.0,,1.0,2.0,,,,1.0,,1.0,,,,,,1.0,1.0,,1.0,1.0,1.0,,,,,2.0,,1.0,,,,,,,,
Kazuaki Takabe,,2.0,,,,,,,,,,,,,,,,,,,,,,,,,,,,,,,,,,,,,,,,,,,,,,,,,,,,,
Kebede Begna,,,,,,1.0,,1.0,,,,,,,,,,,,,,,,,,,,,,,,,,,,,,,,,,,,,,,,,,,,,,,
Keerthi Gogineni,,2.0,,,,,,,,,,,,,,,,,,,,,,,,,,,,,,,,,,,,,,,,,,,,,,,,,,,,,
Keith Flaherty,,1.0,1.0,1.0,,,1.0,,1.0,1.0,,1.0,3.0,,,,,1.0,1.0,1.0,,1.0,1.0,,,,1.0,,1.0,,,,,,1.0,1.0,,2.0,5.0,1.0,,,,,,,,,,,,,,,
Kelly Hunt,,3.0,,,,,,,,,,,,,,,,,,,,,,,,,,,,,,,,,,,,,,,,,,,,,,,,,,,,,
Kelsey Thompson Martin,,,,,,,,,1.0,,,,,,,,,,,,,,,,,,,,,,,,,,,,,,,,,,,,,,,,,,,,,,
Kelvin Lee,1.0,4.0,,,,3.0,,,,,,4.0,1.0,,,,,,,,,,1.0,,,,,,,,,,,,,,,,,,,,,,,,3.0,,,,,,,,
Kenneth Cardona,,,,,,,,,,,,,,,,1.0,,,,,,,,,,,,,,,,,,,,,,,,,,,,,,,,,,,,,,,
Kenneth H. Yu,1.0,2.0,,,,2.0,11.0,,,,,2.0,2.0,9.0,8.0,9.0,1.0,,,,12.0,1.0,,,,,,,1.0,,,,,,,,,,,10.0,,9.0,2.0,,,10.0,,,,,,,,,
Kenneth J. Cohen,3.0,,,,,,,,,,,,,,,,,,,,,,,,,,,,,,,,,,,,,,,,,,,,,,,,,,,,,,
Kenneth J. Pienta,,,,,,,,,,7.0,,,,,,,,,,,,,,,,,,,,,,,,,,,,,,,,,,,,,,,,,,,,,
Kenneth K. Ng,,,1.0,,,,1.0,,,,,,1.0,1.0,1.0,1.0,,,,,2.0,1.0,,,,,,,,,,,,,,,,,,1.0,,1.0,,,,1.0,,,,,,,,,
Kenneth Offit,,4.0,,3.0,,2.0,3.0,,3.0,1.0,,2.0,3.0,,,,,,,1.0,,,1.0,,,,1.0,,,,,,1.0,,1.0,2.0,,,1.0,,,,,,,,1.0,,,,,,,,
Kenneth S. Weiss,,6.0,,,,,,,,,,2.0,,,,,1.0,,,,4.0,,,,,,,,,,,,,,,,,,,,,,,,,,,,,,,,,,
Kenneth Tanabe,,,,,,,,,,,,,,,,,,,,,,,,,,,,,,,,,,,,,,,,2.0,,,,,,,,,,,,,,,
Kerin B. Adelson,,1.0,,,,,,,,,,,,,,,,,,,,,,,,,,,,,,,,,,,,,,,,,,,,,,,,,,,,,
Kevin J. Cullen,,,,,,,,,,,,,,,,,,,,,,,,,,,,,,,,,,,,,,,,,,,,,,,1.0,,,,,,,,
Kevin Kim,,1.0,,,,,1.0,,1.0,,,1.0,1.0,1.0,1.0,1.0,,,,,1.0,1.0,,,,,,,,,,,,,,,,1.0,13.0,3.0,,1.0,,,,1.0,,,,,,,,,
Kevin S. Hughes,,1.0,,,,,,,,1.0,,,,,,,,,,,,,,,,,,,,,,,,,,,,,,,,,,,,,,,,,,,,,
Khalid Matin,,,,,,,,,2.0,,1.0,,,,,,,,,,,,,,,,,,,,,,,,,,,,,,,,,,,,,,,,,,,,
Kim Allyson Margolin,,,,,,,,,,,,,,,,,,,,,,,,,,,,,,,,,,,,,,,1.0,,,,,,,,,,,,,,,,
Kimberly Perez,,,,,,,,,,,,,,,,,,,,,,2.0,,,,1.0,,,,,,,,,,,,,,,,,,,,,,,,,,,,,
Kimmie Ng,,,,,,,,,5.0,1.0,,,,,,,,1.0,,,,,,,,,,,,,,,,,,,,,,1.0,,,,,,,,,,,,,,,
Komal L. Jhaveri,,1.0,,,,,,,,,,,,,,,,,,,,,,,,,,,,,,,,,,,,,,,,,,,,,,,,,,,,,
Kristin Ann Higgins,,,,,,,,,,,,1.0,,,,,,,,,,,,,,,,,,,,,,,,,,,,,,,,,,,,,,,,,,,
Lajos Pusztai,,11.0,,,,,,,,,,,,,,,,,,,,,,,,,,,,,,,,,,,,,,,,,,,,,,,,,,,,,
Lance C. Pagliaro,,,,,,,,,,,,,1.0,,,,,,,,,,,,,,,,,,,,,,,,,,,,,,,,,,,,,,,,,,
Larissa Meyer,,1.0,,,,,,,,,,,,,,,,,,,,,,,,,,,,,,,,,,,,,,,,,,,,,,,,,,,,,
Larry Norton,,7.0,,2.0,2.0,1.0,,,3.0,3.0,,3.0,1.0,,,,,1.0,2.0,1.0,,,,,,,1.0,,,,,,,,,1.0,,,2.0,,,,,1.0,,,,,,,,,,,
Lauren Christine Harshman,,,,,,,,,,1.0,,,,,,,,,,,,,,,,,,,,,,,,,,,,,,,,,,,,,,,,,,,,,
Lecia V. Sequist,,,,,,,,,,,,11.0,,,,,,,,,,,,,,,,,,,,,,,,,,,,,,,,,,,,,,,,,,,
Lee P. Hartner,,,,,,,,,,,,,,,,1.0,,,,,,,,,,,,,,,,,,,,,,,,,,,,,,,,,,,,,,,
Leisha A. Emens,,4.0,,,,,,,,,,,,,,,,,,,,,,,,,,,,,,,,,,,,,,,,,,,,,,,,,,,,,
Leonard B. Saltz,,,,,,1.0,2.0,1.0,11.0,,,1.0,,,,,,1.0,,,,,,,,1.0,,,,,,,,,,,,,,,,,,,,,1.0,,,,,,,,
Leonard H. Wexler,,,,,,,,,,,,,,,,1.0,,,,,,,,,,,,,,,,,,,,,,,,,,,,,,,,,,,,,,,
Leslie Popplewell,,,,,,3.0,7.0,,,,,,,,,,,,,,,,,,,,,,,,,,,,,,2.0,,,,,,,,,,1.0,,1.0,,,,2.0,1.0,
Lewis B. Silverman,,,,,,7.0,1.0,,,,,,,,,,,,,,,,,,,,,,,,,,,,,,,,,,,,6.0,,,,,,,,,,,,
Lewis R. Roberts,1.0,27.0,4.0,7.0,6.0,2.0,2.0,,5.0,6.0,1.0,31.0,5.0,,,,,1.0,2.0,2.0,,2.0,3.0,,,1.0,1.0,,1.0,,,1.0,,,2.0,1.0,,2.0,4.0,3.0,1.0,,1.0,,1.0,,1.0,,,,,,,,
Lia Gore,1.0,,,,,1.0,,,,,,,,,,,,,,,,,,,,,,,,,,,,,,,,,,,,,1.0,,,,,,,,,,,,
Lily L. Lai,,,,,,,,,1.0,,,,,,,,,,,,,,,,,,,,,,,,,,,,,,,,,,,,,,,,,,,,,,
Linda R. Duska,,,,2.0,2.0,,,,,,,,,,,,,,,,,,,,,,1.0,,,,,,,,,2.0,,,,,,,,,,,,,,,,,,,
Lisa Diamond,,1.0,,,,,,,1.0,,,1.0,,,,,,,,,,,,,,,,,,,,,,,,,,,,,,,,,,,,,,,,,,,
Lisa Diller,,2.0,,,,,,,,,,,,,,2.0,,,,,1.0,,,,,,,,,,,,,,,,,,,,,,,,,,,,,,,,,,
Lisa K. Jacobs,,1.0,,,,,,,,,,,,,,,,,,,,,,,,,,,,,,,,,,,,,,,,,,,,,,,,,,,,,
Lisa Marie Ruppert,,1.0,1.0,1.0,,1.0,,,1.0,1.0,1.0,1.0,1.0,,,1.0,,1.0,1.0,1.0,,1.0,1.0,,,,,1.0,1.0,,1.0,1.0,1.0,,1.0,1.0,1.0,1.0,1.0,1.0,,,,,,,1.0,,,,1.0,,,,
Lisa Yee,,3.0,,,,,,,,,,,,,,,,,,,,,,,,,,,,,,,,,,,,,,,,,,,,,,,,,,,,,
Lode J. Swinnen,,,,,,1.0,9.0,,,,,,,,,,,,,,,,,,,,,,,,,,,,,,,,,,,,,,,,1.0,,,,,,,,
Lois M. Ramondetta,,,,2.0,2.0,,,,,,,,,,,,,,,,,,,,,,2.0,,,,,,,,,2.0,,,,,,,,,,,,,,,,,,,
Loren K. Mell,,,2.0,,,,,,,,,,,,,,,,,,,,,,,,,,,,,,,,,,,,,,,,,,,,,,,,,,,,
Loretta S. Loftus,,2.0,,,,,,,,,,,,,,,,,,,,,,,,,,,,,,,,,,,,,,,,,,,,,,,,,,,,,
Lori J. Goldstein,,3.0,,,,,,,,,,,,,,,,,,,,,,,,,,,,,,,,,,,,,,,,,,,,,,,,,,,,,
Lubomir Sokol,,,,,,,2.0,,,,,,,,,,,,,,,,,,,,,,,,,,,,,,,,,,,,,,,,,,,,,,,,
Luc Morris,,1.0,,1.0,,,1.0,,2.0,,,,,,,,,,,,,,,,,,,,,,,,,,,,,,,,,,,,,,,,,,,,,,
Lucy A. Godley,,,,,,1.0,,1.0,,,,,,,,,,,,,,,,,,,,,,,,,,,,,,,,,,,,1.0,,,,,,,,,,,
Luis A. Diaz,,8.0,,3.0,,1.0,1.0,,2.0,,,13.0,,,,,,,,,,1.0,,,,,,,,,,,,,,2.0,,,,,,,,,,,1.0,,,,,,,,
Luis Fayad,,,,,,,3.0,,,,,,,,,,,,,,,,,,,,,,,,,,,,,,,,,,,,,,,,,,,,,,,,
Lynn D. Wilson,1.0,4.0,,,,,,,,,,,,,,,,,,,,1.0,,,,,,,,,,,,,,,,,1.0,,,,,,,,,,,,,,,,
M Dror Michaelson,,,,,,,,,,2.0,,,2.0,,,,,,,,,,,,,,,,,,,,,,,,,,,,,,,,,,,,,,,,,,
Mahesh Seetharam,,,1.0,2.0,,,1.0,,1.0,,,4.0,1.0,,,3.0,1.0,,,2.0,,1.0,,,,,1.0,,1.0,,,,,,,3.0,,,4.0,,,,,,,,,,,,,,,,
Mahmoud El-Tamer,,1.0,,,,,,,,,,,,,,,,,,,,,,,,,,,,,,,,,,,,,,,,,,,,,,,,,,,,,
Marc A. Shapiro,,4.0,1.0,1.0,,,1.0,,1.0,1.0,,1.0,1.0,,,,,1.0,1.0,1.0,,1.0,1.0,,,,1.0,,1.0,,,,,,1.0,1.0,,1.0,1.0,1.0,,,,,,,,,,,,,,,
Marc Ladanyi,,,,,,,,,,,,1.0,,,,,,,,,,,,,,,,,,,,,,,,,,,,,,,,,,,,,,,,,,,
Marc S. Ernstoff,,,,,,,,,,,,,3.0,,,,,,,,,,,,,,,,,,,,,,,,,1.0,2.0,,,,,,,,,,,,,,,,
Marcia S. Brose,,,,,,,,,,,,,,,,,,,,,,,,,,,,,2.0,,,,,,,,,,,,,,,,,,,,,,,,,,
Marco L. Davila,,,,,,,,,,,,3.0,,,,,,,,,,,,,,,,,,,,,,,,,,,,,,,,,,,,,,,,,,,
Marcos J.G. De Lima,,3.0,,,,,1.0,,5.0,,,5.0,3.0,,,,,,,1.0,,,,,,1.0,,,,,,,,,,,,,,,,,,,,,,,,,,,,,
Margaret von Mehren,,2.0,1.0,2.0,,,,,1.0,,,,,,,6.0,3.0,1.0,,1.0,,1.0,,,,,,,1.0,,,,1.0,,,1.0,1.0,,,1.0,,,,,,,,,,,,,,,
Maria Alma Rodriguez,,,,,,,,,,,,1.0,,,,,,,,,,,,,,,,,,,,,,,,,,,,1.0,,,,,,,,,,,,,,,
Maria E. Cabanillas,,,,,,1.0,1.0,,,,,,,,,,,,,,,,,,,,,,4.0,,,,,,,,,,,,,,,,,,,,,,,,,,
Maria Lia Palomba,,,,,,,1.0,,,,,,,,,,,,,,,,,,,,,,,,,,,,,,,,,,,,,,,,,,,,,,,,
Mariana Chavez-MacGregor,,1.0,,,,,,,,,,,,,,,,,,,,,,,,,,,,,,,,,,,,,,,,,,,,,,,,,,,,,
Marilyn Huang,,,,1.0,1.0,,,,,,,,,,,,,,,,,,,,,,1.0,,,,,,,,,,,,,,,,,,,,,,,,,,,,
Marina C. George,,2.0,,,,,3.0,,,4.0,,,,,,,,,,1.0,,1.0,,,,,,,,,,,,,,,,,,,,,,,,,1.0,,,,,,,,
Marina Konopleva,,,,,,9.0,,2.0,,,,,,,,,,,,,,,,,,,,,,,,,,,,,,,,,1.0,,1.0,3.0,1.0,,,1.0,,,,,,,
Mario A. Eisenberger,,,,,,,,,,4.0,,,,,,,,,,,,,,,,,,,,,,,,,,,,,,,1.0,,,,,,,,,,,,,,
Mario E. Lacouture,,2.0,,1.0,,,,,,,,1.0,1.0,,,1.0,1.0,,,,,,,,,,1.0,,,,,,,,,1.0,,2.0,,1.0,1.0,,,,,,,,,,,,,,
Mario M. Leitao,,,,,,,,,,,,,,,,,,,,,,,,,,,2.0,,,,,,,,,,,,,,,,,,,,,,,,,,,,
Mario Sznol,,,,,,3.0,2.0,3.0,,1.0,,1.0,1.0,,,,,,,,,1.0,,,,,,,,,,,,,,,,,2.0,,,,,,,,,,,,,,,,
Mark E. Robson,,1.0,,,,,,,,,,,,,,,,,,,,,,,,,,,,,,,,,,,,,,,,,,,,,,,,,,,,,
Mark G. Kris,,,,,,,,,,,,1.0,,,,,,,,,,,,,,,,,,,,,,,,,,,,,,,,,,,,,,,,,,,
Mark J. Ratain,,,,,,,1.0,,1.0,,,,,,,,,,,,,,,,,,,,,,,,,,,,,,,,,,,,,,,,,,,,,,
Mark Kozloff,,6.0,2.0,2.0,1.0,,1.0,,4.0,1.0,1.0,6.0,1.0,,,,1.0,1.0,2.0,2.0,,2.0,2.0,1.0,1.0,1.0,2.0,1.0,2.0,1.0,1.0,1.0,1.0,1.0,2.0,2.0,1.0,1.0,1.0,1.0,,,,,,,1.0,,,,,,,,
Mark M. Awad,,,,,,,,,,,,,,,,,,,,,,,,,,,,1.0,,,,,,,,,,,,,,,,,,,,,,,,,,,
Mark M. Souweidane,1.0,,,,,,,,,,,,,,,,,,,,,,,,,,,,,,,,,,,,,,,,,,,,,,,,,,,,,,
Mark Pomerantz,,,,,,,,,,1.0,,,2.0,,,,,,,,,,1.0,,,,,,,,,,,,,,,,,,,,,,,,,,,,,,,,
Mark Robert Litzow,,,,,,2.0,,,,,,,,,,,,,,,,,,,,,,,,,,,,,,,,,,,,,,,,,,,,,,,,,
Mark S. Collins,3.0,18.0,4.0,7.0,5.0,1.0,2.0,1.0,9.0,7.0,1.0,22.0,4.0,,,,1.0,2.0,2.0,3.0,,4.0,3.0,1.0,1.0,2.0,2.0,1.0,2.0,1.0,1.0,2.0,1.0,1.0,2.0,4.0,2.0,1.0,5.0,1.0,1.0,,,,,,,,,,,,,,
Mark S. Morginstin,,2.0,,,,,,,,,,,,,,,,,,,,,,,,,,,,,,,,,,,,,,,,,,,,,,,,,,,,,
Mark Steven Chambers,,3.0,,,,,,,,,,,,,,,,,,,,,,,,,1.0,,,,1.0,,,,,,,,,,,,,,,,,,,,,,,,
Mark V. McNamara,,3.0,1.0,2.0,1.0,,1.0,,1.0,1.0,,1.0,1.0,,,,,1.0,1.0,1.0,,1.0,1.0,,,,1.0,,1.0,,,,,,1.0,1.0,,1.0,2.0,1.0,,,,,,,,,,,,,,,
Marsha Reyngold,,,,,,,,,,,,,,,,,,,,,,2.0,,,,,,,,,,,,,,,,,,,,,,,,,,,,,,,,,
Marshall R. Posner,,,4.0,,,,,,,,,,,,,,,,,,,,,,,,,,,,,,,,,,,,,,,,,,,,,,,,,,,,
Martha Lacy,,,,,,1.0,1.0,1.0,,,,,,,,,,,,,,,,,,,,,,,,,,,,,,,,,,,,1.0,,,6.0,,,,,,,1.0,
Martin Edelman,,1.0,1.0,,,,,,,1.0,,10.0,1.0,,,,,,1.0,,,,1.0,,,,,,,,,1.0,,,,,,,,,,,,,,,,,,,,,,,
Martin McCarter,,,,,,,,,1.0,,,,,,,,,,,,,,,,,,,,,,,,,,,,,,2.0,,,,,,,,,,,,,,,,
Martin R. Weiser,,,,,,,,,1.0,,,,,,,,,,,,,,,,,,,,,,,,,,,,,,,,,,,,,,,,,,,,,,
Martin S. Tallman,,,,,,5.0,1.0,2.0,,,,,,,,,,,,,,,,,,,,,,,,,,,,,,,,,,,,1.0,,,1.0,,,,,,,,
Martine Extermann,,,,1.0,1.0,,,,1.0,,,,,,,,,,,,,,,,,,,,,,,,,,,,,,,,,,,,,,,,,,,,,,
Marwan Fakih,,,,,,,,,13.0,,,,,,,,,4.0,,,,,,,,,,,,,,,,,,,,,,1.0,,,,,,,,,,,,,,,
Mary Helen Hackney,,1.0,,,,,,,,,,,,,,1.0,,,,,,,,,,,,,,,,,,,,,,,,,,,,,,,,,,,,,,,
Mary Lou Schmidt,,,,,,,,,,,,,,,,,,,,,1.0,,,,,,,,,,,,,,,,,,,,,,,,,,,,,,,,,,
Mary-Ellen Taplin,,,,,,,,,,19.0,,,1.0,,,,,,,,,,,,,,,,,,,,,,,,,,,,,,,,,,,,,,,,,,
Maryam B. Lustberg,,4.0,,,,,,,,,,,,,,,,,,,,,,,,,,,,,,,,,,,,,,,,,,,,,,,,,,,,,
Matt E. Kalaycio,,,,,,2.0,,,,,,,,,,,,,,,,,,,,,,,,,,,,,,,,,,,,,,,,,1.0,,,,,,,,
Matthew B. Yurgelun,,,,,,,,,,,,,,,,,,,,,,1.0,,,,,,,,,,,,,,,,,,,,,,,,,,,,,,,,,
Matthew David Hellmann,,,,,,,,,,,,1.0,,,,,,,,,,,,,,,,,,,,,,,,,,,,,,,,,,,,,,,,,,,
Matthew H. G. Katz,,1.0,,,,,,,,,,1.0,,,,,,,,,,,,,,,,,,,,,,,,,,,,,,,,,,,,,,,,,,,
Matthew P. Goetz,,8.0,,1.0,,,,,,,,,1.0,,,,,,,,,,,,,,,,,,,,,,,,,,,,,,,,,,,,,,,,,,
Matthew Raymond Smith,,2.0,1.0,1.0,1.0,,,,1.0,,1.0,4.0,,,,,1.0,,1.0,1.0,,1.0,1.0,1.0,1.0,1.0,1.0,1.0,1.0,1.0,1.0,1.0,1.0,1.0,1.0,1.0,1.0,,,,,,,,,,,,,,,,,,
Matthew Steven Davids,,8.0,2.0,4.0,3.0,3.0,2.0,,3.0,4.0,2.0,8.0,,,,,2.0,,1.0,1.0,3.0,1.0,3.0,1.0,1.0,1.0,3.0,1.0,1.0,1.0,2.0,1.0,1.0,1.0,1.0,1.0,2.0,,1.0,1.0,,,2.0,,,,,,,,,,,,
Matthew T Campbell,,,,,,,,,,,,,2.0,,,,,,,,,,1.0,,,,,,,,,,,,,,,,,,,,,,,,,,,,,,,,
Maureen Ross,,,,,,,,,,,,,,,,1.0,,,,,,,,,,,,,,,,,,,,,,,,,,,,,,,,,,,,,,,
Mebea Aklilu,,1.0,1.0,1.0,1.0,,,,1.0,1.0,1.0,3.0,,,,,1.0,,1.0,1.0,,1.0,1.0,1.0,1.0,1.0,1.0,1.0,1.0,1.0,1.0,1.0,1.0,1.0,1.0,1.0,1.0,,,,,,,,,,,,,,,,,,
Mehmet Asim Bilen,,,,,,,,,,1.0,,,1.0,,,,,,,,,,,,,,,,,,,,,,,,,,,,,,,,,,,,,,,,,,
Melanie B. Thomas,,1.0,,,,,1.0,,,,,,,,,,,,,,,,,,,,,,,,,,,,,,,,1.0,2.0,,,,,,,,,,,,,,,
Melissa M. Moore,1.0,3.0,2.0,3.0,2.0,1.0,,1.0,1.0,,1.0,3.0,,,,1.0,1.0,,1.0,1.0,,1.0,1.0,1.0,1.0,1.0,1.0,1.0,1.0,1.0,1.0,1.0,1.0,1.0,1.0,1.0,2.0,,1.0,,,,,1.0,,,,,,,,,,,
Melissa Wilson,1.0,2.0,1.0,2.0,1.0,,9.0,,5.0,,1.0,2.0,1.0,7.0,7.0,7.0,2.0,,1.0,1.0,9.0,1.0,1.0,1.0,1.0,1.0,1.0,1.0,1.0,1.0,1.0,1.0,1.0,1.0,1.0,1.0,1.0,1.0,1.0,7.0,,7.0,,,,7.0,,,,,,,,,
Michael A. Curran,,,,,,2.0,2.0,,,,,,,,,,,,,,,,,,,,,,,,,,,,,,,,,,,,2.0,,,,,,,,,,,,
Michael B. Atkins,,,,,,,,,,,,,2.0,,,,,,,,,,,,,,,,,,,,,,,,,1.0,5.0,,,,,,,,,,,,,,,,
Michael Carney,1.0,1.0,,2.0,2.0,,,,,,,1.0,,,,,,,,,,,,,,,,,,,,,,1.0,,,,,,,,,,,,,,,,,,,,,
Michael Constantine,,2.0,,,,1.0,1.0,,,,,,,,,,,,,,,,,,,,,,,,,,,,,,,,,,,,,,1.0,,,,,,,,,,
Michael DiGiovanna,,1.0,,,,,,,,,,,,,,,,,,,,,,,,,,,,,,,,,,,,,,,,,,,,,,,,,,,,,
Michael E. Hurwitz,,1.0,,,,,,,,,,,,,,,,,,,,,,,,,,,,,,,,,,,,,1.0,,,,,,,,,,,,,,,,
Michael E. Williams,1.0,29.0,5.0,4.0,2.0,7.0,9.0,2.0,13.0,10.0,3.0,25.0,6.0,2.0,2.0,4.0,1.0,3.0,5.0,5.0,4.0,6.0,5.0,,,,2.0,1.0,2.0,,1.0,2.0,1.0,,2.0,5.0,1.0,5.0,6.0,7.0,,2.0,,2.0,2.0,3.0,2.0,,,,1.0,,,,
Michael G. Haddock,,,,,,,,,,1.0,1.0,,,,,,,,,,,1.0,,,,,,,,,,,,,,,,,,,,,,,,,,,,,,,,,
Michael J. Hall,,10.0,3.0,2.0,1.0,2.0,3.0,,7.0,2.0,1.0,15.0,4.0,,,,,1.0,2.0,2.0,,1.0,3.0,,,,1.0,,2.0,,,,,,1.0,1.0,,1.0,2.0,2.0,,,,,1.0,,,1.0,,,,,,,
Michael J. Mastrangelo,,,,,,,,,,,,,,,,,,,,,,,,,,,,,,,,,,,,,,1.0,1.0,,,,,,,,,,,,,,,,
Michael J. McNamara,,1.0,1.0,1.0,,,1.0,,1.0,1.0,,1.0,1.0,,,,,1.0,2.0,2.0,,1.0,1.0,,,,1.0,,1.0,,,,,,1.0,1.0,,1.0,2.0,1.0,,,,,,,,,,,,,,,
Michael J. Morris,,,,,,,,,,7.0,,,,,,,,,,,,,,,,,,,,,,,,,,,,,,,,,,,,,,,,,,,,,
Michael J. Overman,,,,,,,,,2.0,,,,,,,,,,,,,1.0,,,,,,,,,,,,,,,,,,1.0,,,,,,,,,,,,,,,
Michael J. Pishvaian,,,,,,,,,1.0,,,,,,,,,,,,,2.0,,,,,,,,,,,,,,,,,,,,,,,,,,,,,,,,,
Michael N. Neuss,,,,,,,,,,,,1.0,,,,,,,,,,,,,,,,,,,,,,,,,,,,,,,,,,,,,,,,,,,
Michael Nathenson,,,,,,,,,,,,,,,,1.0,,,,,,,,,,,,,,,,,,,,,,,,,,,,,,,,,,,,,,,
Michael Paul Kim,2.0,9.0,4.0,6.0,2.0,3.0,3.0,1.0,6.0,6.0,3.0,9.0,4.0,1.0,1.0,3.0,2.0,1.0,3.0,4.0,1.0,7.0,6.0,1.0,1.0,1.0,3.0,2.0,3.0,1.0,2.0,2.0,2.0,1.0,2.0,3.0,3.0,2.0,5.0,4.0,,1.0,,,2.0,1.0,1.0,,,,1.0,,,,
Michael R. Grever,,,,,,1.0,,,,,,,,,,,,,,,,,,,,,,,,,,,,,,,,,,,,,,,,,1.0,,,,,,,,
Michael Roger Harrison,,20.0,4.0,6.0,5.0,3.0,3.0,,10.0,3.0,2.0,25.0,6.0,,,2.0,2.0,1.0,3.0,5.0,,6.0,4.0,1.0,1.0,2.0,2.0,1.0,2.0,1.0,1.0,2.0,2.0,1.0,3.0,4.0,1.0,2.0,3.0,2.0,2.0,,,,3.0,,,,,,,,,,
Michael S. Simon,,24.0,4.0,8.0,7.0,1.0,5.0,,10.0,5.0,2.0,22.0,8.0,,,,1.0,1.0,4.0,3.0,,5.0,3.0,1.0,1.0,1.0,4.0,1.0,2.0,1.0,1.0,2.0,1.0,2.0,2.0,5.0,1.0,2.0,9.0,1.0,,,,1.0,,,,,,,,,,,
Michael Wang,,6.0,2.0,1.0,,,13.0,,1.0,2.0,,4.0,1.0,,,,,1.0,1.0,2.0,,1.0,2.0,,,,1.0,,1.0,,,,,,2.0,1.0,,1.0,1.0,1.0,,,,,,,2.0,,,,,,,,
Michele Y. Halyard,,,1.0,,,,,,,,,,,,,,,,,,,,,,,,,,,,,,,,,,,,,,,,,,,,,,,,,,,,
Michelle A. Elliott,,,,,,1.0,,,,,,,,,,,,,,,,,,,,,,,,,,,,,,,,,,,,,1.0,,,,,,,,,,,,
Miguel A. Rodriguez-Bigas,,,,,,,,,1.0,,,,,,,,,,,,,,,,,,,,,,,,,,,,,,,,,,,,,,,,,,,,,,
Miguel-Angel Perales,,,,,,2.0,3.0,1.0,,,,,,,,,,,,,,,,,,,,,,,,,,,,,,,1.0,,,,,1.0,1.0,,1.0,,,,,,,,
Mihaela Druta,,1.0,,,,,,,,,,1.0,,,,4.0,1.0,,,,,,,,,,,,,,,,,,,,,,,,,,,,,1.0,,,,,,,,,
Mikkael A. Sekeres,,,,,,5.0,,5.0,,,,,,,,,,,,,,,,,,,,,,,,,,,,,,,,,,,,1.0,,,,,,,,,,,
Milind M. Javle,,,,,,,,,,,,,,,,,,,,,,5.0,,,,,,,,,,,2.0,,2.0,,,,,1.0,,,,,,,,,,,,,,,
Mina S. Sedrak,,1.0,,,,,,,,,,,,,,,,,,,,,,,,,,,,,,,,,,,,,,,,,,,,,,,,,,,,,
Minetta C. Liu,,4.0,,,,,,,,,,,,,,,,,,,,,,,,,,,,,,,,,,,,,,,,,,,,,,,,,,,,,
Misagh Karimi,,2.0,,1.0,1.0,,,1.0,1.0,,,,,,,,,1.0,,,,,,,,,,,,,,,,,,1.0,,,,,,,,,,,,,,,,,,,
Mitchell C. Posner,,,,,,,,,1.0,,,,,,,,,,,,,,,,,,,,,,,,,,,,,,,,,,,,,,,,,,,,,,
Mitchell Machtay,,,3.0,,,,,,,,,3.0,,,,,,,,,,,,,,,,,,,,,,,,,,,,,,,,,,,,,,,,,,,
Mitesh J. Borad,,,,,,,,,,,,,1.0,,,,,,,,,1.0,,,,,,,,,,,,,,,,,,1.0,,,,,,,,,,,,,,,
Mohamad Masri,,3.0,,,,1.0,1.0,,,,,1.0,,,,,,,,,,,,,,,,,,,,,,,,,,,,,,,,,1.0,,,,,,,,,,
Mohammad Razaq,,,2.0,,,,,,,,,5.0,,,,,,,,,,,,,,,,,,,,,,,,,,,,,,,,,,,,,,,,,,,
Monica Morrow,,2.0,,,,,,,,,,,,,,,,,,,,,,,,,,,,,,,,,,,,,,,,,,,,,,,,,,,,,
Montaser F. Shaheen,,,,,,,,,,,,,,,,,,,,,,,,,,,,,,,,,,,,,,,2.0,,,,,,,,,,,,,,,,
Morie A. Gertz,,,,,,,1.0,,,,,,,,,,,,,,,,,,,,,,,,,,,,,,,,,,,,,,,,5.0,,,,,,,,
Muzaffar H. Qazilbash,,,,,,1.0,,,,,,,,,,,,,,,,,,,,,,,,,,,,,,,,,,,,,,,,,3.0,1.0,,,,,,,
Nabil F. Saba,,,5.0,,,,,,,,,,,,,,,,3.0,,,,,,,,,,,,,,,,,,,,,,,,,,,,,,,,,,,,
Nadeem Riaz,,,1.0,,,,,,,,,,,,,,,,,,,,,,,,,,,,,,,,,,,,,,,,,,,,,,,,,,,,
Nadine Jackson McCleary,,1.0,,,,,,,,,,1.0,,,,,,1.0,,,,,,,,,,,,,,,,,,,,,,,,,,,,,,,,,,,,,
Nai-Kong V. Cheung,,,,,,,,,,,,,,,,1.0,,,,,8.0,,,,,,,,,,,,,,,,,,,,,,,,,,,,,,,,,,
Najat C. Daw,,,,,,,,,,,,,,,,,,,,,1.0,,,,,,,,1.0,,,,,,,,,1.0,1.0,,1.0,,,,,1.0,,,,,,,,,
Namrata Vijayvergia,,,,,,,,,1.0,,,,,,,,,1.0,,,,,,,,,,,,,,,,,,,,,,,,,,,,,,,,,,,,,
Nancy Ann Dawson,,,,,,,,,,1.0,,,,,,,,,,,,,,,,,,,,,,,,,,,,,,,,,,,,,,,,,,,,,
Nancy U. Lin,,2.0,,,,,,,,,,,,,,,,,,,,,,,,,,,,,,,,,,,,,,,,,,,,,,,,,,,,,
Naoto T. Ueno,,10.0,,1.0,,,,,,,,,2.0,,,,,,,,,,,,,,,,,,,,,,,,,,,,,,,,,,,,,,,,,,
Nathan A. Pennell,,,,,,,,,,,,7.0,,,,,,,,,,,,,,,,,,,,,,,,,,,,,,,,,,,,,,,,,,,
Naveen Gupta,,1.0,1.0,,,1.0,,,,,,1.0,,,,,,,,,,,,,,,,,,,,,,,,,,,,,,,,,,,,,,,,,,,
Navneet S. Majhail,,,,,,1.0,1.0,1.0,,,,,,,,,,,,,,,,,,,,,,,,,,,,,,,,,,,1.0,,,,1.0,1.0,,,,,,,
Neal A. Fischbach,,1.0,,,,,,,,,,,,,,,,,,,,,,,,,,,,,,,,,,,,,,,,,,,,,,,,,,,,,
Neal Rosen,1.0,,,,,,,,,1.0,,,,,,,,,,,,,,,,,,,,,,,,,,,,,,,,,,,,,,,,,,,,,
Neeraj Agarwal,,1.0,,,,,,,,3.0,,,1.0,,,,,,,,,,1.0,,,,,,,,,,,,,,,,,,,,,,,,,,,,,,,,
Neeta Somaiah,,,,,,,,,,,,,,,,2.0,,,,,,,,,,,,,,,,,,,,,,,,,,,,,,,,,,,,,,,
Nicole D. Fleming,,,,1.0,1.0,,,,,,,,,,,,,,,,,,,,,,,,,,,,,,,2.0,,,,,,,,,,,,,,,,,,,
Nikhil I. Khushalani,,,,,,,,,,,,1.0,1.0,,,,,,4.0,3.0,,,,,,,,,,,,,,,,,,3.0,5.0,1.0,,,,,,,,,,,,,,,
Nina D. Wagner-Johnston,,,,,,,1.0,,,,,,,,,,,,,,,,,,,,,,,,,,,,,,,,,1.0,1.0,,,,,,,,,,,,,,
Nitin Jain,,,,,,13.0,4.0,,,,,,,,,,,,,,,,,,,,,,,,,,,,,,,,,,2.0,,4.0,1.0,5.0,,,1.0,,,,,,,
Nizar M. Tannir,,,,,,,,,,,,,6.0,,,,,,,,,,,,,,,,,,,,,,,,,,,,,,,,,,,,,,,,,,
Noah M. Hahn,,,,,,,,,,1.0,,,,,,,,,,,,,5.0,,,,,,,,,,,,,,,,,,,,,,,,,,,,,,,,
Noopur S. Raje,,,,,,,,,,,,,,,,,,,,,,,,,,,,,,,,,,,,,,,,,,,,,,,1.0,,,,,,,,
Norah Lynn Henry,,10.0,,,,,,,,,,,,,,,,,,,,,,,,,,,,,,,,,,,,,,,,,,,,,,,,,,,,,
Nuhad K. Ibrahim,,2.0,,,,,,,,,,,,,,,,,,,,,,,,,,,,,,,,,,,,,,,,,,,,,,,,,,,,,
Olatoyosi Odenike,,,,,,9.0,,3.0,,,,,,,,,,,,,,,,,,,,,,,,,,,,,,,,,,,2.0,6.0,,,,3.0,,,,,,,
Oliver Zivanovic,,,,2.0,1.0,,,,,,,,,,,,,,,,,,,,,,,,,,,,,,,,,,,,,,,,,,,,,,,,,,
Olwen Mary Hahn,,3.0,,,,,,,,,,,,,,,,,,,,,,,,,,,,,,,,,,,,,,,,,,,,,,,,,,,,,
Oren Smaletz,,,,2.0,2.0,,,,,,,,,,,,,,,,,,,,,,,,,,,,,,,,,,,,,,,,,,,,,,,,,,
Otto Metzger,,3.0,,,,,,,,,,,,,,,,,,,,,,,,,,,,,,,,,,,,,,,,,,,,,,,,,,,,,
Pamela Drullinsky,,1.0,,,,,,,,,,,,,,,,,,,,,,,,,,,,,,,,,,,,,,,,,,,,,,,,,,,,,
Pamela T. Soliman,,1.0,,,,,,,,,,1.0,,,,,,,,,,1.0,,,,,,,,,,,,,,,,,,,,,,,,,,,,,,,,,
Panagiotis A. Konstantinopoulos,,2.0,,5.0,4.0,,,,,,,,,,,,,,,,,,,,,,,,,,,,,,,3.0,,,,,,,,,,,,,,,,,,,
Paolo Anderlini,,,,,,1.0,,,,,,,,,,,,,,,,,,,,,,,,,,,,,,,,,,,,,,,,,,,,,,,,,
Partow Kebriaei,,,,,,9.0,8.0,1.0,,,,,,,,,,,,,,,,,,,,,,,,,,,,,,,,,2.0,,5.0,1.0,2.0,,2.0,,,,,,,,
Pasi A. Janne,,1.0,1.0,,,,,,1.0,,,14.0,,,,,,,,,,1.0,,,,,,2.0,,,,,,,,,,,1.0,,,,,,,,,,,,,,,,
Patricia J. Eifel,,,,,,,,,,,,,,,,,,,,,,,,,,,1.0,,,,,,,,,1.0,,,,,,,,,,,,,,,,,,,
Patricia LoRusso,,7.0,1.0,1.0,,1.0,5.0,,3.0,,,2.0,1.0,,,,,,,,,3.0,,,,,,,,,,,,,,,,,2.0,,,,,,,,,,,,,,2.0,1.0,
Patrick Hwu,,,,,,,,,,,,,2.0,,,,,,,,,,,,,,,,,,,,,,,,,1.0,5.0,,,,,,,,,,,,,,,,
Patrick Michael Dillon,,2.0,,,,,,,,,,,,,,,,,,,,,,,,,,,,,,,,,,,,,,,,,,,,,,,,,,,,,
Patrick Y. Wen,3.0,,,,,,,,,,,,,,,,,,,,,,,,,,,,,,,,,,,,,,,,,,,,,,,,,,,,,,
Paul A. Hamlin,,,,,,,4.0,,,,,,,,,,,,,,,,,,,,,,,,,,,,,,,,,,,,,,,,,,,,,,,,
Paul A. Meyers,,3.0,,1.0,,,1.0,,1.0,2.0,,1.0,,,,6.0,,,,,,2.0,,,,,,1.0,,,,,,,,,,1.0,1.0,,,1.0,,,,2.0,,,,,,,,,
Paul B. Chapman,,,,,,,,,,,,1.0,1.0,,,,,,,,,,,,,,,,,,,,,,,,,4.0,6.0,,,,,,,,,,,,,,,,
Paul D. Brown,3.0,19.0,10.0,6.0,4.0,2.0,2.0,1.0,4.0,8.0,1.0,14.0,3.0,,,,2.0,4.0,2.0,1.0,,2.0,1.0,,,,2.0,,2.0,,,,1.0,,2.0,3.0,,1.0,2.0,1.0,,,,2.0,,,,,,,,,,,
Paul E. Goss,,8.0,,,,,,,,,,,,,,,,,,,,,,,,,,,,,,,,,,,,,,,,,,,,,,,,,,,,,
Paul F. Mansfield,3.0,26.0,4.0,5.0,4.0,6.0,4.0,1.0,11.0,4.0,2.0,24.0,3.0,,,,1.0,,1.0,2.0,,4.0,2.0,1.0,1.0,1.0,3.0,1.0,1.0,1.0,3.0,1.0,2.0,2.0,2.0,5.0,1.0,,3.0,,1.0,,,1.0,5.0,,,,,,,,,,
Paul G. Richardson,1.0,1.0,1.0,1.0,,,,,,,,1.0,1.0,,,1.0,,,,,,,1.0,,,,,,,,,,,,,,1.0,,,,,,,,,,6.0,,,,,,,,
Paul J. Shami,,,,,,3.0,,,,,,,,,,,,,,,,,,,,,,,,,,,,,,,,,,,,,,2.0,,,,,,,,,,,
Paul K. Paik,,1.0,,,,,1.0,,,,,1.0,,,,,,,,,,,,,,,,,,,,,,,,,,,,,,,,,,,,,,,,,,,
Paul L. Nguyen,,,,,,,,,,2.0,,,,,,,,,,,,,,,,,,,,,,,,,,,,,,,,,,,,,,,,,,,,,
Paul Monk,,,,3.0,2.0,,,,,,,,2.0,,,1.0,,,,,,,,,,,,,,,,,,,,,,,1.0,,,,,,,,,,,,,,,,
Paul Russo,1.0,3.0,,,,,,,,,,1.0,,,,,,,,,,1.0,,,,,,,,,,,,,,,,,,,,,,,,,,,,,,,,,
Paul Sabbatini,,,,14.0,13.0,,,,,,,,,,,,,,,,,,,,,,,,,,,,,,,2.0,,,,,,,,,,,,,,,,,,,
Paula Silverman,1.0,7.0,,,,,,,,,,,,,,,,,,,,,,,,,,,,,,,,,,,,,,,,,,,,,,,,,,,,,
Pavani Chalasani,,7.0,,,,,,,,,,,,,,,,,,,,,,,,,,,,,,,,,,,,,,,1.0,,,,,,,,,,,,,,
Pedro Sanz-Altamira,,1.0,,,,,,,1.0,1.0,,,,,,,,,,,,,,,,,,,,,,,,,,,,,,,,,,,,,,,,,,,,,
Peter Bach,,,,,,,,,,,,,,,,,,,1.0,1.0,,,1.0,,,,,,,,,,,,,,,,,,,,,,,,,,,,,,,,
Peter C. Enzinger,,,,,,,,,,,,,,,,,,,10.0,6.0,,,,,,,,,,,,,,,,,,,,,,,,,,,,,,,,,,,
Peter D. Cole,1.0,7.0,,,,,2.0,,2.0,1.0,,,1.0,,,,,1.0,,,,,1.0,,,,,,,,,,,,,,1.0,,,,,,,,,,,,,,1.0,,,,
Peter Graham Rose,5.0,47.0,6.0,12.0,10.0,8.0,10.0,2.0,17.0,7.0,2.0,31.0,10.0,,,4.0,2.0,4.0,4.0,5.0,,11.0,6.0,1.0,1.0,3.0,6.0,1.0,2.0,1.0,3.0,2.0,1.0,2.0,2.0,10.0,1.0,4.0,8.0,3.0,3.0,,1.0,1.0,4.0,,2.0,1.0,,,,,,,
Philip Aaron Linden,,1.0,,,,,,,,,,1.0,,,,,,,,,,,,,,,,,,,,,,,,,,,,,,,,,,,,,,,,,,,
Philip C. Hoffman,,1.0,,,,,,,,,,1.0,,,,,,,,,,,,,,,,,,,,,,,,,,,,,,,,,,,,,,,,,,,
Philip Caron,,,,,,,,,,,,,,,,1.0,,,,,,,,,,,,,,,,,,,,,,,,,,,,,,,,,,,,,,,
Philip L. McCarthy,,2.0,,,,7.0,7.0,5.0,,,,,,,,1.0,,,,,1.0,,,,,,,,,,,,,,,,2.0,,,,,1.0,1.0,1.0,1.0,,4.0,,,,,,1.0,,
Philip Paty,,,,,,,,,1.0,,,,,,,,,1.0,,,,,,,,,,,,,,,,,,,,,,,,,,,,,,,,,,,,,
Philippe Armand,,,,,,2.0,5.0,2.0,,,,,,,,,,,,,,,,,,,,,,,,,,,,,,,,,,,2.0,2.0,,,,,,,,,,,
Phuoc T. Tran,,,,,,,,,,,,,,,,,,,,,,,1.0,,,,,,,,,,,,,,,,,,,,,,,,,,,,,,,,
Phyllis H. Klein,,,,,,1.0,1.0,1.0,,,,,,,,,,,,,,,,,,,1.0,,,,,,,,,1.0,,,,,,,1.0,,,,1.0,1.0,,,,,,,
Ping Chi,,,,,,,,,,,,,1.0,,,,2.0,,,,,,,,,,,,,,,,,,,,,,,1.0,,,,,,,,,,,,,,,
Powel Brown,,2.0,,,,,,,,,,1.0,,,,,,,,,,,,,,,,,,,,,,,,,,,,,,,,,,,,,,,,,,,
Prajnan Das,,,,,,,,,,,,,,,,,,2.0,,,,,,,,,,,,,,,,,,,,,,,,,,,,,,,,,,,,,
Prakash C. Neupane,,,1.0,,,,,,,,,,,,,,,,,,,,,,,,,,,,,,,,,,,,,,,,,,,,,,,,,,,,
Prasad S. Adusumilli,,2.0,,,,,,,,,,1.0,,,,,,,,,,,,,,,,1.0,,,,,,,,,,,,,,,,,,,,,,,,,,,
Quynh Nguyen,,,,,,,,,,1.0,,,,,,,,,1.0,1.0,,,,,,,,,,,,,,,,,,,,,1.0,,,,,,,,,,,,,,
Rachel A. Freedman,,7.0,,,,,,,,,,,,,,,,,,,,,,,,,,,,,,,,,,,,,,,,,,,,,,,,,,,,,
Rachel M. Layman,,1.0,,,,,,,,,,,,,,,,,,,,,,,,,,,,,,,,,,,,,,,,,,,,,,,,,,,,,
Rachel N. Grisham,,,,1.0,1.0,,,,,,,,,,,,,,,,,,,,,,,,,,,,,,,1.0,,,,,,,,,,,,,,,,,,,
Rachid C. Baz,,,,,,,,,,,,,,,,,,,,,,,,,,,,,,,,,,,,,,,,,,,,,,,2.0,,,,,,,,
Rachna T. Shroff,,,,,,,,,,,,,,,,,,,,,,,,,,,,,,,,,2.0,,2.0,,,,,1.0,,,,,,,,,,,,,,,
Rafael Fonseca,,,,,,,,,,,,1.0,,,,,,,,,,,,,,,,,,,,,,,,,,,,,,,,,,,2.0,,,,,,,,
Rafael Perez,,2.0,,,,,,,,1.0,,2.0,1.0,,,,,,,1.0,,,,,,,,,,,,,,,,,,,1.0,,,,,,,,,,,,,,,,
Ramona Dadu,,,,,,,,,,,,,,,,,,,,,,,,,,,,,3.0,,,,,,,,,,,,,,,,,,,,,,,,,,
Randall F. Holcombe,,,,,,,,,3.0,,,,,,,,,1.0,,,,,,,,,,,,,,,,,,,,,,,,,,,,,,,,,,,,,
Randolph Marks,1.0,21.0,,4.0,3.0,1.0,2.0,1.0,3.0,4.0,,22.0,2.0,,,1.0,,,,,,2.0,1.0,,,,2.0,,,,1.0,1.0,,1.0,,5.0,,1.0,2.0,,,,,,,,,,,,,,,,
Ranee Mehra,,,2.0,,,,,,,,,1.0,,,,,,,,,,,,,,,,,,,,,,,,,,,,,,,,,,,,,,,,,,,
Raquel Nunes,,1.0,,,,,,,,,,,,,,,,,,,,,,,,,,,,,,,,,,,,,,,,,,,,,,,,,,,,,
Ravi Murthy,,,,,,,,,1.0,,,,,,,,,,,,,,,,,,,,,,,,,,,,,,,1.0,,,,,,,,,,,,,,,
Ravi Salgia,,,,,,,,,,,,4.0,,,,,,,,,,1.0,,,,,,,,,,,,,,,,,,,,,,,,,,,,,,,,,
Ravindra Uppaluri,,,1.0,,,,,,,,,,,,,,,,,,,,,,,,,,,,,,,,,,,,,,,,,,,,,,,,,,,,
Rebecca B. Klisovic,,,,,,3.0,,,,,,,,,,,,,,,,,,,,,,,,,,,,,,,,,,,,,2.0,1.0,,,,,,,,,,,
Rebecca Suk Heist,,1.0,,,,,,,,1.0,,3.0,,,,,,,,,,,,,,,,,,,,,,,,,,,,,,,,,,,,,,,,,,,
Regina J. Brown,,6.0,4.0,,,1.0,1.0,,3.0,2.0,1.0,4.0,,,,,,1.0,,,,,,,,,,,,,,,,,,,,,,,,,,,,,,1.0,,,,,,,
Renata Ferrarotto,,,3.0,,,,,,,,,,,,,,,,,,,,,,,,,,,,,,,,,,,,,,,,,,,,,,,,,,,,
Renato Lenzi,,,,1.0,,,,,1.0,,1.0,,,,,,,,,1.0,,1.0,,,,,,,,,,,1.0,,,,,,,,,,,,,,,,,,,,,,
Renuka V. Iyer,,,,,,,,,,,,1.0,,,,,,,,,,4.0,,,,1.0,,,,,,,,,,,,,,2.0,,,,,,,,,,,,,,,
Reshma L. Mahtani,,2.0,,,,,,,,,,,,,,,,,,,,,,,,,,,,,,,,,,,,,,,,,,,,,,,,,,,,,
Richard A. Larson,,1.0,,,,5.0,1.0,,,,,,,,,,,,,,,,,,,,,,,,,,,,,,,,,,,,1.0,1.0,,,2.0,,,,,,,,
Richard D. Kim,,2.0,,,,,1.0,,1.0,1.0,,3.0,,1.0,1.0,1.0,,3.0,,,1.0,3.0,1.0,,,,,,,,,,1.0,,2.0,,,,1.0,3.0,,1.0,,,,1.0,,,,,,,,,
Richard E. Champlin,,,,,,16.0,6.0,5.0,,,,,,,,,,,,,,,,,,,,,,,,,,,,,,,,,3.0,,1.0,4.0,1.0,,,3.0,,,,,,,
Richard J. Lee,,13.0,2.0,2.0,1.0,3.0,2.0,,6.0,5.0,,14.0,4.0,,,,,1.0,1.0,1.0,,1.0,1.0,,,,1.0,,1.0,,,,,,1.0,1.0,,2.0,2.0,1.0,1.0,,,,,,,,,,,,,,
Richard J. Wong,,2.0,1.0,,,,,,1.0,,,,,,,,,,,,,,,,,,,,,,,,,,,,,,,,,,,,,,,,,,,,,,
Richard M. Stone,,,,,,4.0,,1.0,,,,,1.0,,,,,,,,,,1.0,,,,,,,,,,,,,,,,,,,,,,,,,,,,,,,,
Richard T. Lee,,10.0,3.0,4.0,2.0,5.0,3.0,,4.0,2.0,1.0,10.0,2.0,,,1.0,1.0,2.0,2.0,2.0,,3.0,2.0,1.0,1.0,1.0,3.0,1.0,2.0,1.0,2.0,1.0,1.0,2.0,2.0,4.0,1.0,2.0,4.0,1.0,,,,1.0,,1.0,,,,,,,,1.0,
Richard T. Penson,,,,4.0,2.0,,,,,,,,,,,,,,,,,,,,,,,,,,,,,,,,,,,,,,,,,,,,,,,,,,
Richard Tuli,,,,,,,,,,,,,,,,,,,,,,2.0,,,,,,,,,,,,,,,,,,,,,,,,,,,,,,,,,
Rinath Jeselsohn,,1.0,,,,,,,,,,,,,,,,,,,,,,,,,,,,,,,,,,,,,,,,,,,,,,,,,,,,,
Rita Nanda,,7.0,,2.0,1.0,,,,,1.0,,1.0,,,,1.0,,,,,,,,,,,,,,,,,,,,,,,,,,,,,,,,,,,,,,,
Ritu Salani,,,,1.0,1.0,,,,,,,,,,,,,,,,,,,,,,1.0,,,,,,,,,,,,,,,,,,,,,,,,,,,,
Robert A. Baiocchi,,,,,,,2.0,,,,1.0,1.0,,,,2.0,,,,,,,,,,,,,,,,,,,,,,1.0,,,,,,,,,,,,,,,,,
Robert D. Warren,5.0,36.0,9.0,9.0,6.0,12.0,10.0,,12.0,7.0,3.0,38.0,9.0,3.0,3.0,11.0,3.0,2.0,4.0,3.0,2.0,6.0,4.0,1.0,1.0,3.0,3.0,1.0,3.0,1.0,1.0,1.0,3.0,1.0,4.0,7.0,2.0,2.0,6.0,3.0,1.0,2.0,5.0,2.0,2.0,1.0,,,,,,,,,
Robert G. Maki,,,,1.0,,,,,,,,,,,,3.0,,,,,,,,,,,,,,,,,,,,,,,,,,,,,,,,,,,,,,,
Robert I. Haddad,,,11.0,,,,,,,,,,,,,,,,,,,,,,,,,,,,,,,,,,,1.0,,,,,,,,,,,,,,,,,
Robert J. Canter,,,,,,,,,,,,,,,,1.0,,,,,,,,,,,,,,,,,,,,,,,,,,,,,,,,,,,,,,,
Robert J. Motzer,1.0,,,4.0,,,,,,,,1.0,10.0,,,,,,,,,,1.0,,,,,,,,,,,,,,6.0,1.0,1.0,,,,,,,,,,,,,,,,
Robert John Hoyer,,,1.0,,,,,,,,,3.0,,,,,,1.0,,,,,,,,,,,,,,,,,,,,,,,,,,,,,,,,,,,,,
Robert L. Coleman,,,,4.0,4.0,,,,,,,,,,,,,,,,,,,,,,,,,,,,,,,,,,,,,,,,,,,,,,,,,,
Robert Leonard Foote,,,,,,,,,1.0,1.0,,1.0,,,,,,,,,,,,,,,,,,,,,,,,,,,,,,,,,,,,,,,,,,,
Robert M. Dean,,21.0,,2.0,2.0,,4.0,,3.0,2.0,,6.0,2.0,,,,,,,,,,1.0,,,,,,,,,,,,,,,1.0,1.0,,,,,,,,,,,,,,,,
Robert R. McWilliams,,,,,,,,,,,,,,,,,,,,,,1.0,,,,,,,,,,,,,,,,,1.0,,,,,,,,,,,,,,,,
Robert Wesolowski,,1.0,,,,,,,,,,,,,,,,,,,,,,,,,,,,,,,,,,,,,,,,,,,,,,,,,,,,,
Robert Winn,,1.0,,,,,,,,,,,,,,,,,,,,,,,,,,,,,,,,,,,,,,,,,,,,,,,,,,,,,
Robert Z. Orlowski,,1.0,,1.0,,1.0,1.0,,,,,,,,,,,,,,,,,,,,,,,,,,,,,,,,,,,,,,,,1.0,,,,,,,,
Rogerio Lilenbaum,,,,,,,,,,,,6.0,,,,,,,,,,,,,,,,,,,,,,,,,,,,,,,,,,,,,,,,,,,
Ronald C. Chen,,,,,,,,,,3.0,,,,,,,,,,,,,,,,,,,,,,,,,,,,,,,,,,,,,,,,,,,,,
Ronald M. Sobecks,,,,,,,,,,,,,,,,,,,,,,,,,,,,,,,,,,,,,,,,,,,,,,,2.0,,,,,,,,
Ronald S. Go,,,,,,1.0,,,1.0,,,1.0,,,,,,,,,,,,,,,,,,,,,,,,,,1.0,1.0,1.0,,,,1.0,,,,,,,,,,,
Roohi Ismail-Khan,1.0,2.0,,,,,,,,,,,,,,,,,,,,,,,,,,,,,,,,,,,,,,,,,,,,,,,,,,,,,
Ross C. Donehower,,,,,,1.0,1.0,,1.0,,,,,,,,,,,,,1.0,,,,,,,,,,,,,,,,,,,,,,,,,,,,,,,,,
Roy H. Decker,,,,,,,,,,,,1.0,,,,,,,,,,,,,,,,,,,,,,,,,,,,,,,,,,,,,,,,,,,
Roy S. Herbst,,,2.0,,,,,,,,,4.0,,,,,,,,,,,,,,,,,,,,,,,,,,,,,,,,,,,,,,,,,,,
Ryan D. Gentzler,,,,,,,,,,,,3.0,,,,,,,,,,,,,,,,,,,,,,,,,,,,,,,,,,,,,,,,,,,
S. Vincent Rajkumar,,,,,,,,,,,,,,,,,,,,,,,,,,,,,,,,,,,,,,,,,,,,,,,1.0,,,,,,,,
Sai-Hong Ignatius Ou,,,3.0,,,,,,,,,,,,,,,,1.0,,,,,,,,,,,,,,,,,,,,,,,,,,,,,,,,,,,,
Salma K. Jabbour,,,,,,,,,,,,,,,,,,,,1.0,,,,,,,,,,,,,,,,,,,,,,,,,,,,,,,,,,,
Sam S. Yoon,,,,,,,,,,,,,,,,,,,,,,,,,,,,,,,,,,,,,,,,1.0,,,,,,,,,,,,,,,
Sameek Roychowdhury,1.0,,,,,,,,,,,,,,,,,,,,,,,,,,,,,,,,,,,,,,,,,,,,,,,,,,,,,,
Samuel Chung,,1.0,1.0,1.0,1.0,,,,1.0,1.0,1.0,2.0,,,,,1.0,,1.0,1.0,,1.0,1.0,1.0,1.0,1.0,1.0,1.0,1.0,1.0,1.0,1.0,1.0,1.0,1.0,1.0,1.0,,,,,,,,,,,,,,,,,,
Samuel R. Denmeade,,,,,,,,,,2.0,,,,,,,,,,,,,,,,,,,,,,,,,,,,,,,,,,,,,,,,,,,,,
Samuel Singer,,,,,,,,,,,,,,,,3.0,,,,,,,,,,,,,,,,,,,,,,,,,,,,,,,,,,,,,,,
Sandeep Basu,,,,,,,,,,,,,,,,,,,,,,,,,,,,,1.0,,,,,,,,,,,,,,,,,,,,,,,,,,
Sandeep Mittal,1.0,,,,,,,,,,,,,,,,,,,,,,,,,,,,,,,,,,,,,,,,,,,,,,,,,,,,,,
Sandra P. D'Angelo,,,,,,,,,,,,,,,,2.0,2.0,,,,,,,,,,,,,,,,,,,,,,,,1.0,,,,,,,,,,,,,,
Sara I. Pai,,,1.0,,,,,,,,,,,,,,,,,,,,,,,,,,,,,,,,,,,,,,,,,,,,,,,,,,,,
Sara M. Tolaney,,2.0,,,,,,,,,,,,,,,,,,,,,,,,,,,,,,,,,,,,,,,,,,,,,,,,,,,,,
Sarah A. Taylor,,3.0,,2.0,,,,,4.0,1.0,1.0,3.0,2.0,,,1.0,,,1.0,1.0,1.0,2.0,1.0,,,,1.0,,,,1.0,,,1.0,,2.0,,,2.0,1.0,,,,,,,,,,,,,,,
Sarah E. Hoffe,,,,,,,,,,,,,,,,,,1.0,,,,,,,,,,,,,,,,,,,,,,,,,,,,,,,,,,,,,
Sarah K. May,1.0,24.0,3.0,8.0,4.0,8.0,10.0,1.0,12.0,4.0,,11.0,4.0,,1.0,2.0,,3.0,1.0,3.0,,4.0,1.0,,,,2.0,,2.0,,,,,,1.0,6.0,,1.0,7.0,2.0,,,1.0,2.0,5.0,,1.0,,,,,,,,
Saranya Chumsri,,7.0,,,,,,,,,,,,,,,,,,,,,,,,,,,,,1.0,,,,,,,,,,,,,,,,,,,,,,,,
Sarat Chandarlapaty,,3.0,,,,,,,,,,,,,,,,,,,,,,,,,,,,,,,,,,,,,,,,,,,,,,,,,,,,,
Saravut John Weroha,,,,1.0,1.0,,,,,,,,,,,,,,,,,,,,,,,,,,,,,,,,,,,,,,,,,,,,,,,,,,
Sarina Anne Piha-Paul,,1.0,,,,,,,,,,,,,,,,,,1.0,,,1.0,,,,,,,,,,,,,,,,,,,,,,,,,,,,,,,,
Saroj Vadhan-Raj,,,,,,2.0,4.0,,,,,,,,,7.0,1.0,1.0,,,,1.0,,,,,,,,,,,,,,,,,,,,,,,,,1.0,,,,,,,,
Saundra S. Buys,,4.0,,,,,,,,,,,,,,,,,,,,,,,,,,,,,,,,,,,,,,,,,,,,,,,,,,,,,
Scott H. Okuno,,,,,,,,,,,,,,,,2.0,,,,,,,,,,,,1.0,,,,,,,,,,,,,,,,,,,,,,,,,,,
Scott Joseph Antonia,1.0,,,,,,,,,,,2.0,,,,,,,,,,1.0,,,,,,,,,,,,,,,,,,,,,,,,,,,,,,,,,
Scott Kopetz,,1.0,,,,,,,8.0,,,,,,,,,1.0,,,,,,,,,,,,,,,,,,,,,,1.0,,,,,,,,,,,,,,,
Scott N. Gettinger,,1.0,1.0,1.0,,,1.0,,1.0,1.0,,1.0,1.0,,,,,1.0,1.0,1.0,,1.0,1.0,,,,1.0,,1.0,,,,,,1.0,1.0,,1.0,1.0,1.0,,,,,,,,,,,,,,,
Senthil Damodaran,,1.0,,,,,,,,,,,,,,,,,,,,,,,,,,,,,,,,,,,,,,,,,,,,,,,,,,,,,
Sergio Giralt,,,,,,7.0,1.0,4.0,,,,,,,,,,,,,,,,,,,,,,,,,,,,,,,,,,,1.0,,,,9.0,,,,,,,,
Seth M. Cohen,,5.0,1.0,1.0,,2.0,3.0,,2.0,1.0,,4.0,1.0,,,,,1.0,1.0,1.0,,1.0,1.0,,,,1.0,,1.0,,,,,,1.0,1.0,,1.0,1.0,1.0,,,,,2.0,,,,,,,,,,
Setsuko K. Chambers,,,,3.0,1.0,,,,,,,,,,,,,,,,,,,,,,,,,,,,,,,,,,,,,,,,,,,,,,,,,,
Shaachi Gupta,,1.0,,,,,,,,,,,,,,,,,,,,,,,,,,,,,,,,,,,,,,,,,,,,,,,,,,,,,
Shaji Kumar,,,,,,3.0,2.0,,,,,,,,,,,,,,,,,,,,,,,,,,,,,,,,,,,,1.0,,2.0,,15.0,,,,,,1.0,1.0,
Sharon H. Giordano,,5.0,1.0,1.0,,,1.0,,1.0,1.0,,1.0,1.0,,,,,1.0,1.0,1.0,,1.0,1.0,,,,1.0,,1.0,,,,,,1.0,1.0,,1.0,1.0,1.0,,,,,,,,,,,,,,,
Shi-Ming Tu,,,,,,,,,,3.0,,,1.0,,,,,,,,,,,,,,,,,,,,,,,,,,,,,,,,,,,,,,,,,,
Shirish M. Gadgeel,,,,,,,,,,,,11.0,,,,,,,,,,,,,,,,,,,,,,,,,,,,,,,,,,,,,,,,,,,
Shirley S. Ong,1.0,,,,,,,,,,,,,,,,,,,,,,,,,,,,,,,,,,,,,,,,,,,,,,,,,,,,,,
Shiyu Song,,,1.0,,,,,,,,,,,,,,,,,,,,,,,,,,,,,,,,,,,,,,,,,,,,,,,,,,,,
Shreyaskumar Patel,,,,,,,,,,,,,,,,1.0,,,,,,,,,,,,,,,,,,,,,,,,,,,,,,,,,,,,,,,
Shridar Ganesan,,1.0,,,,,,,,,,,,,,,,,,,,,,,,,,,,,,,,,,,,,,,,,,,,,,,,,,,,,
Siwen Hu-Lieskovan,,,,,,,,,1.0,,,,1.0,,,,,,,,,,,,,,,,,,,,,,,,,,3.0,,,,,,,,,,,,,,,,
Skye C. Mayo,,,,,,,,,1.0,,,,,,,,,,,,,,,,,,,,,,,,,,,,,,,,,,,,,,,,,,,,,,
Sobha Kurian,,4.0,,,,,,,1.0,,,,,,,,,,,,,,,,,,,,,,,,,,,,,,,,,,,,,,,,,,,,,,
Solmaz Sahebjam,2.0,1.0,1.0,,,,,,,,,1.0,1.0,,,,,,,,,,,,,,,,,,,,,,,,,,,,,,,,,,,,,,,,,,
Sonali M. Smith,,,,,,1.0,3.0,,,,,,,,,,,,,,,,,,,,,,,,,,,,,,,,,,,,,,1.0,,,,,,,,2.0,,
Srdan Verstovsek,,,,,,8.0,,1.0,,,,,,,,,,,,,,,,,,,,,,,,,,,,,,,,,1.0,,1.0,3.0,1.0,,,2.0,1.0,,,,,,
Sriram Yennu,,,,,,1.0,1.0,1.0,,1.0,,1.0,,,,,,,,,,,,,,,,,,,,,,,,,,,,,,,,1.0,,,,,,,,,,,
Stanton L. Gerson,1.0,,,,,,1.0,,,,,,,,,,,,,,,,,,,,,,,,,,,,,,,,,,,,,,,,1.0,,,,,,,,
Stefan C. Grant,1.0,,,,,,,,,,,3.0,,,,,,,,,,,,,,,,,,,,,,,,,,,,,,,,,,,,,,,,,,,
Stefan O. Ciurea,,,,,,3.0,1.0,2.0,,,,,,,,,,,,,,,,,,,,,,,,,,,,,,,,,1.0,,1.0,3.0,1.0,,,2.0,,,,,,,
Stephanie Gaillard,,,,1.0,,,,,,,,,,,,,,,,,,,,,,,1.0,,,,,,,,,,,,,,,,,,,,,,,,,,,,
Stephen B. Edge,,1.0,,,,,,,,,,,,,,,,,,,,,,,,,,,,,,,,,,,,,,,,,,,,,,,,,,,,,
Stephen C. Rubin,,4.0,,,,1.0,1.0,,,,,5.0,1.0,,,,,,,,1.0,,1.0,,,,,,,,,,1.0,,1.0,,,,1.0,,,,,,1.0,,,,,,,,,,
Stephen E. Sallan,,,,,,1.0,,,,,,,,,,,,,,,,,,,,,,,,,,,,,,,,,,,,,1.0,,,,,,,,,,,,
Stephen J. Forman,,,,,,2.0,,,,,,,,,,,,,,,,,,,,,,,,,,,,,,,,,,,,,,,,,,,,,,,,,
Stephen K. Williamson,,1.0,2.0,1.0,,,1.0,,1.0,1.0,,2.0,1.0,,,,,1.0,2.0,2.0,,1.0,1.0,,,,1.0,,1.0,,,,,,1.0,1.0,,1.0,1.0,1.0,,,,,,,,,,,,,,,
Stephen Leong,,,,,,,,,1.0,,,,,,,,,,,1.0,,1.0,,,,,,,,,,,,,,,,,,,,,,,,,,,,,,,,,
Stephen M. Ansell,,,,,,,5.0,,,,,,,,,,,,,,,,,,,,,,,,,,,,,,,,,,,,,,,,,,,,,,1.0,,
Stephen M. Hahn,,2.0,,,,,,,,,,,1.0,,,,,,,,,,1.0,,,,,,,,,,,,,,,,,,,,,,,,,,,,,,,,
Stephen Swisher,,,,,,,,,,,,,,,,,,,1.0,,,,,,,,,,,,,,,,,,,,,,,,,,,,,,,,,,,,
Steven Attia,,,,1.0,,,,,,,,2.0,1.0,,1.0,7.0,1.0,,,,,,,,,,1.0,,1.0,,,,,,,3.0,,,1.0,,1.0,2.0,,,,1.0,,,,,,,,,
Steven E. Schild,,,,,,,,,,1.0,,3.0,,,,,,,,,,,,,,,,,,,,,,,,,,,,,,,,,,,,,,,,,,,
Steven G. DuBois,1.0,1.0,,,,,2.0,,1.0,,,2.0,,,,2.0,,,,,3.0,,,,,,,,,,,,,,,1.0,,,,,1.0,2.0,,,,,,,,,,,,,
Steven Gore,,,,,,6.0,1.0,5.0,,1.0,,1.0,,,,,,,,,,,,,,,,,,,,,,,,,,,,,,,,3.0,,,,,,,,,,,
Steven Grant,3.0,35.0,3.0,13.0,9.0,16.0,12.0,3.0,18.0,7.0,3.0,32.0,14.0,,,,1.0,4.0,4.0,5.0,,8.0,5.0,1.0,1.0,3.0,5.0,1.0,2.0,1.0,4.0,2.0,2.0,2.0,3.0,7.0,3.0,25.0,31.0,2.0,2.0,,1.0,2.0,6.0,,3.0,2.0,,,1.0,,,,
Steven I. Sherman,,13.0,,1.0,1.0,,1.0,,2.0,2.0,,5.0,1.0,,,,,,,,,2.0,,,,,,,1.0,,,,,,,,,,,,,,,,,,,,,,,,1.0,,
Steven J. Isakoff,,7.0,,,,,,,,,,,,,,,,,,,,,,,,,,,,,,,,,,,,,,,,,,,,,,,,,,,,,
Steven Jubelirer,,6.0,2.0,4.0,2.0,1.0,4.0,1.0,4.0,4.0,,7.0,4.0,,,,,1.0,2.0,2.0,,2.0,4.0,,,,1.0,,1.0,,,,,,1.0,2.0,,1.0,3.0,2.0,1.0,,,,1.0,,,,,,,,,,
Steven K. Clinton,,24.0,4.0,10.0,7.0,3.0,4.0,,6.0,7.0,2.0,17.0,12.0,,,,1.0,2.0,3.0,3.0,,4.0,8.0,1.0,1.0,1.0,6.0,1.0,2.0,1.0,3.0,2.0,2.0,2.0,3.0,5.0,3.0,2.0,3.0,1.0,1.0,,,,3.0,,1.0,,,,1.0,,1.0,,
Steven M. Larson,,1.0,,,,,,,1.0,1.0,,,,,,,,,,,,,,,,,1.0,,,,,,,,,,,,,,,,,,,,,,,,,,,,
Steven Martin,,20.0,3.0,4.0,2.0,7.0,6.0,2.0,10.0,5.0,1.0,27.0,9.0,,,2.0,2.0,3.0,3.0,2.0,,5.0,6.0,1.0,1.0,2.0,3.0,1.0,3.0,1.0,1.0,2.0,2.0,1.0,3.0,6.0,2.0,1.0,7.0,1.0,2.0,,1.0,,3.0,1.0,1.0,,,,1.0,,,,
Steven P. Treon,,,,,,1.0,3.0,,,,,,,,,,,,,,,,,,,,,,,,,,,,,,,,,,,,,,1.0,,,,,,,,,,
Steven R Alberts,2.0,11.0,1.0,2.0,1.0,2.0,5.0,2.0,8.0,3.0,,11.0,1.0,,,,,2.0,2.0,2.0,,3.0,1.0,,,,1.0,,1.0,,,,3.0,,3.0,1.0,,1.0,1.0,5.0,,,,,1.0,,1.0,,,,,,,,
Steven T. Rosen,,,,,,1.0,1.0,,,,,,,,,,,,,,,,,,,,,,,,,,,,,,1.0,,,,,,,,,,,,1.0,,,,1.0,1.0,
Stuart H. Packer,,6.0,1.0,,,,,,,,,1.0,,,,,,,,,,,,,,,,,,,,,,,,,,,1.0,,,,,,,,,,,,,,,,
Sumanta K. Pal,,,,,,,,,,,,,4.0,,,,,,,,,,1.0,,,,,,,,,,,,,,,,,,,,,,,,,,,,,,,,
Sunil Mohan Patel,,1.0,,1.0,,,,,1.0,1.0,,1.0,1.0,,,,,,1.0,1.0,,1.0,1.0,,,,,,,,,,,,,1.0,,,,1.0,,,,,,,,,,,,,,,
Susan G. Moore,1.0,3.0,,2.0,2.0,,,,1.0,,1.0,4.0,1.0,,,1.0,,,,,,,1.0,,,,,,,,,,,,,1.0,,,,,,,,,,,,,,,,,,,
Susan Hong,,1.0,,1.0,1.0,,,,,,,,1.0,,,,,,,,,,1.0,,,,,,,,,,,,,,,,,1.0,,,,,,,,,,,,,,,
Susana M. Campos,,1.0,,6.0,5.0,,,,,,,,,,,,,,,,,,,,,,2.0,,,,,,,,,3.0,,,,,,,,,,,,,,,,,,,
Suzanne George,,,,,,,,,,,,,,,,2.0,3.0,,,,,,,,,,,,,,,,,,,1.0,,,,,,,,,,,,,,,,,,,
Suzanne R. Hayman,,,,,,,,,,,,,,,,,,,,,,,,,,,,,,,,,,,,,,,,,,,,,,,1.0,,,,,,,,
Suzanne Shusterman,1.0,,,,,,1.0,,,,,,1.0,1.0,,1.0,1.0,,,,5.0,,,,,,,,1.0,,,,,,,,,,,1.0,,1.0,,,,1.0,,,,,,,,,
T. Peter Kingham,,,,,,,,,1.0,,,,,,,,,,,1.0,,1.0,,,,,,,,,,,,,,,,,,,,,,,,,,,,,,,,,
Taiga Nishihori,,,,,,1.0,1.0,,,,,,,,,,,,,,,,,,,,,,,,,,,,,,,,,,,,1.0,1.0,,,2.0,,,,,,,,
Tait D. Shanafelt,,,,,,7.0,5.0,,,,,,,,,,,,,,,,,,,,,,,,,,,,,,,,,,,,,,3.0,,,,,,,,,,
Tanguy Y. Seiwert,,,1.0,,,,,,,,,,,,,,,,,,,,,,,,,,2.0,,,,,,,,,,,,,,,,,,,,,,,,,,
Tanios S. Bekaii-Saab,,,,,,,,,1.0,,,,,,,,,,,,,1.0,,,,,,,,,,,,,,,,,,,,,,,,,,,,,,,,,
Tanya B. Dorff,,,,,,,,,,2.0,,,1.0,,,,,,,,,,1.0,,,,,,,,,1.0,,,,,,,,,,,,,,,,,,,,,,,
Terri L. Parker,,,,,,1.0,,,,,,,,,,,,,,,,,,,,,,,,,,,,,,,,,,,,,,,1.0,,,,,,,,,,
Theodore S. Hong,,,,,,,,,1.0,,,,,,,,,1.0,,,,4.0,,,,,,,,,,,,,,,,,,4.0,,,,,,,,,,,,,,,
Thomas A. Aloia,,,,,,,,,,,,,,,,,,,,,,,,,,,,,,,,,,,2.0,,,,,2.0,,,,,,,,,,,,,,,
Thomas A. Samuel,3.0,9.0,7.0,7.0,2.0,3.0,2.0,,3.0,6.0,1.0,12.0,3.0,,,,2.0,1.0,2.0,2.0,1.0,3.0,5.0,1.0,1.0,1.0,2.0,1.0,2.0,1.0,1.0,1.0,1.0,1.0,2.0,3.0,2.0,1.0,2.0,1.0,,,2.0,,1.0,1.0,,,,,,,,,
Thomas Adam Abrams,,,,,,,,,,,,,,,,,,,,,,1.0,,,,,,,,,,,,,,,,,,,,,,,,,,,,,,,,,
Thomas E. Merchant,2.0,,,,,,,,,,,,,,,,,,,,,,,,,,,,,,,,,,,,,,,,,,,,,,,,,,,,,,
Thomas E. Witzig,,1.0,,,,6.0,13.0,,,,,1.0,,,,,,,,,,,,,,,,,,,,,,,,,1.0,,,,,,,,1.0,,4.0,,,,,,1.0,1.0,
Thomas F. DeLaney,,,,,,,,,,,,,,,,1.0,,,,,,,,,,,,,,,,,,,,,,,,,,,,,,,,,,,,,,,
Thomas F. Hogan,1.0,,,1.0,,4.0,3.0,1.0,,,,,,,,,1.0,,,,1.0,,,,,,,,,,,,,,,,1.0,,,1.0,,,2.0,1.0,,2.0,,,,,,,,,
Thomas Gajewski,,,,,,,,,,1.0,,,,,,,,,,,,,,,,,,,,,,,,,,,,5.0,10.0,,,,,,,,,,,,,,,,
Thomas J Pugh,,1.0,1.0,,,1.0,1.0,,1.0,2.0,,1.0,1.0,,,1.0,,,,,,1.0,1.0,,,,,,1.0,,,,,,,,,,1.0,,,,,,1.0,,,,,,,,,,
Thomas J. Smith,,18.0,4.0,3.0,2.0,2.0,2.0,,7.0,4.0,3.0,11.0,5.0,,,,1.0,2.0,4.0,4.0,,4.0,4.0,1.0,1.0,2.0,2.0,1.0,2.0,1.0,1.0,2.0,2.0,1.0,3.0,3.0,1.0,2.0,2.0,1.0,1.0,,1.0,,1.0,,,,,,,,,,
Thomas Patrick O'Connor,,5.0,,,,,,,,,,,,,,,,,,,,,,,,,,,,,,,,,,,,,,,,,,,,,,,,,,,,,
Thomas W. Flaig,,,,,,,,,,1.0,,,1.0,,,,,,,,,,2.0,,,,,,,,,,,,,,,,,,,,,,,,,,,,,,,,
Thomas W. Loew,,,,,,,,,,,,,,,,,,,1.0,,,,,,,,,,,,,,,,,,,,,,,,,,,,,,,,,,,,
Tian Zhang,1.0,1.0,,,,,,,,2.0,,1.0,2.0,,,,,,2.0,2.0,,,1.0,,,,,,,,,,,,,,,,,1.0,1.0,,,,,,,,,,,,,,
Tianhong Li,,,,,,,,,,,,1.0,,,,,,,,,,,,,,,,,,,,,,,,,,,,,,,,,,,,,,,,,,,
Tiffany A. Traina,,9.0,,,,,,,,,,,,,,,,,,,,,,,,,,,,,,,,,,,,,,,,,,,,,,,,,,,,,
Timothy Call,,5.0,2.0,2.0,1.0,1.0,2.0,,2.0,2.0,,2.0,1.0,2.0,2.0,3.0,,,,1.0,2.0,3.0,2.0,,,,1.0,,,,,,,,,,,,2.0,3.0,,2.0,,,,2.0,,,,,,,,,
Timothy David Moore,1.0,14.0,3.0,7.0,3.0,4.0,3.0,,6.0,4.0,2.0,16.0,6.0,,,,2.0,1.0,3.0,4.0,,6.0,5.0,1.0,1.0,2.0,4.0,1.0,2.0,1.0,1.0,1.0,2.0,1.0,3.0,5.0,3.0,2.0,4.0,2.0,1.0,,,,3.0,,,1.0,,,1.0,,,,
Timothy S. Pardee,,8.0,3.0,3.0,2.0,4.0,3.0,,5.0,2.0,1.0,13.0,2.0,,,,1.0,1.0,2.0,2.0,,3.0,3.0,1.0,1.0,2.0,2.0,1.0,2.0,1.0,1.0,1.0,2.0,1.0,3.0,2.0,2.0,1.0,3.0,1.0,,,,2.0,1.0,,,1.0,,,1.0,,,,
Ting Bao,,5.0,1.0,,,,,,2.0,,,,,,,,,,,,,,,,,,,,,,,,,,,,,,,,,,,,,,1.0,,,,,,,,
Todd A. Moore,1.0,11.0,2.0,7.0,5.0,,,,1.0,1.0,,2.0,2.0,,,1.0,1.0,,1.0,1.0,,1.0,1.0,,,,1.0,1.0,,,1.0,,,1.0,,5.0,,,1.0,1.0,,,,,,,,,,,,,,,
Todd L. Demmy,,,,,,,,,,,,2.0,,,,1.0,,,,,,,,,,,,1.0,,,,,,,,,,,,,1.0,,,,,,,,,,,,,,
Todd Pitts,,,,1.0,1.0,,,,,,,,,,,1.0,1.0,,,,,,,,,,1.0,1.0,,,1.0,,,1.0,,2.0,,,1.0,,,,,,,,,,,,,,,,
Tom Stinchcombe,,,,,,,,,,,,1.0,,,,,,,,,,,,,,,,,,,,,,,,,,,,,,,,,,,,,,,,,,,
Tomasz M. Beer,,,,,,,,,,8.0,,,1.0,,,,,,,,,,1.0,,,,,,,,,1.0,,,,,1.0,,,,,,,,,,,,,,1.0,,,,
Toni K. Choueiri,,,,,,,,,,1.0,,,4.0,,,,,,,,,,,,,,,,,,,,,,,,,,,,,,,,,,,,,,,,,,
Tracey E. Schefter,,,,,,,,,,,,,,,,1.0,,,,,,,,,,,,,,,,,,,,,,,,1.0,,,,,,,,,,,,,,,
Tracey L. O'Connor,,3.0,,,,,,,,,,,,,,,,,,,,,,,,,,,,,,,,,,,,,,,,,,,,,,,,,,,,,
Tracy A. Balboni,,,,,,,,,,,,,,,,,,,,,,,,,,,,,,,,,,,,,,,,,1.0,,,,,,,,,,,,,,
Trinity Bivalacqua,,,,,,,,,,,,,,,,,,,,,,,3.0,,,,,,,,,,,,,,,,,,,,,,,,,,,,,,,,
Tufia C. Haddad,,3.0,,,,,,,,,,,,,,,,,,,,,,,,,,,,,,,,,,,,,,,,,,,,,,,,,,,,,
Uday R. Popat,,,,,,4.0,2.0,3.0,,,,,,,,,,,,,,,,,,,,,,,,,,,,,,,,,,,2.0,3.0,1.0,,,2.0,,,,,,,
Umar Mahmood,,,,,,,,,,2.0,,,,,,,,,,,,,,,,1.0,,,,,,,,,,,,,,1.0,,,,,,,,,,,,,,,
Ursula A. Matulonis,,1.0,,11.0,9.0,,,,,,,,,,,,,,,,,,,,,,1.0,,,,,,,,,,,,,,,,,,,,,,,,,,,,
Valerie W. Rusch,,,,,,,,,,,,2.0,,,,,,,,,,,,,,,,,,,,,,,,,,,,,,,,,,,,,,,,,,,
Vered Stearns,,21.0,,,,,,,,,,,,,,,,,,,,,,,,,,,,,,,,,,,,,,,,,,,,,,,,,,,,,
Veronica Jones,,1.0,,,,,,,,,,,,,,,,,,,,,,,,,,,,,,,,,,,,,,,,,,,,,,,,,,,,,
Vicente Valero,,5.0,,,,,,,,,,,,,,,,,,,,,,,,,,,,,,,,,,,,,,,,,,,,,,,,,,,,,
Vicky Makker,,,,1.0,,,,,,,,,,,,,,,,,,,,,,,,,,,,,,,,7.0,,,,,,,,,,,,,,,,,,,
Victor Gerardo Prieto,,1.0,,,,,,,,,,,,,,,,,,,,,,,,,,,,,,,,,,,,,,,,,,,,,,,,,,,,,
Vinay K. Puduvalli,3.0,,,,,,,,,,,,,,,,,,,,,,,,,,,,,,,,,,,,,,,,,,,,,,,,,,,,,,
Vincent Chung,1.0,13.0,4.0,2.0,2.0,2.0,2.0,,7.0,3.0,1.0,16.0,2.0,,,1.0,1.0,2.0,3.0,5.0,,8.0,5.0,1.0,1.0,1.0,1.0,1.0,1.0,1.0,1.0,2.0,2.0,1.0,2.0,1.0,1.0,,1.0,4.0,1.0,,,1.0,1.0,,,,,,,,,,
Vincent T. DeVita,,1.0,,,,,,,,,,1.0,,,,,,,,,,,,,,,,,,,,,,,,,,,,,,,,,,,,,,,,,,,
Vinod Ravi,,,,,,,,,,,,,,,,,,,,,,,,,,,,,,,,,,,,,,1.0,,,,,,,,,,,,,,,,,
Virginia F. Borges,,2.0,,,,,,,,,,,,,,,,,,,,,,,,,,,,,,,,,,,,,,,,,,,,,,,,,,,,,
Virginia G. Kaklamani,,5.0,,1.0,,,,,,,,,,,,,,,,,,,,,,,,,,,,,,,,,,,,,,,,,,,,,,,,,,,
Vivek Roy,,3.0,,,,,,,,,,,,,,,,,,,,,,,,,,,,,,,,,,,,,,,,,,,,,6.0,,,,,,,,
Vivek Subbiah,1.0,1.0,2.0,1.0,1.0,1.0,2.0,,1.0,1.0,1.0,1.0,1.0,,,2.0,,1.0,1.0,1.0,,2.0,1.0,1.0,,1.0,1.0,1.0,1.0,1.0,1.0,,,1.0,1.0,1.0,1.0,1.0,1.0,1.0,1.0,,1.0,1.0,,1.0,1.0,,,,1.0,,,,
Voravit Ratanatharathorn,,,,,,1.0,1.0,1.0,,,,,,,,,,,,,,,,,,,,,,,,,,,,,,,,,,,,,,,1.0,,,,,,,,
W. K. Alfred Yung,1.0,,,,,,,,,,,,,,,,,,,,,,,,,,,,,,,,,,,,,,,,,,,,,,,,,,,,,,
W. Michael Alberts,,19.0,3.0,3.0,2.0,3.0,7.0,2.0,6.0,3.0,,13.0,2.0,2.0,2.0,3.0,,2.0,2.0,3.0,3.0,1.0,1.0,,,,1.0,,1.0,,,,,,1.0,1.0,,1.0,1.0,3.0,1.0,2.0,,,,2.0,,,,,,,,,
Wajeeha Razaq,1.0,5.0,,,,,,,,,,,,,,,,,,,,,,,,,,,,,,,,,,,,,,,,,,,,,,,,,,,,,
Wallace L. Akerley,,,,,,,,,,,,3.0,,,,,,,,,,,,,,,,,,,,,,,,,,,,,,,,,,,,,,,,,,,
Walter Michael Stadler,,,,,,,,,1.0,1.0,,1.0,3.0,,,,,,,,,1.0,1.0,,,,,,,,,,,,,,1.0,1.0,,,1.0,,,,,,,,,,1.0,,,,
Wayne Lee Furman,,,,,,1.0,,,1.0,,,,,,,,,,,,,,,,,,,,,,,,,,,,,,,,,,,,,,,,,,,,,,
Weijing Sun,,,,,,,,,,,,,,,,,,,2.0,3.0,,,,,,,,,,,,,,,,,,,,1.0,,,,,,,,,,,,,,,
Wells A. Messersmith,,,,,,,,,3.0,,,,,,,,,3.0,,,,6.0,,,,,,,,,,,,,,,,,,,,,,,,,,,,,,,,,
Wen Wee Ma,,,1.0,,,,,,3.0,,,1.0,,,,,,3.0,,1.0,,4.0,,,,,,,,,,,,,,,,,1.0,,,,,,,,,,,,,,,,
Wendy Stock,,,,,,8.0,,,,,,,,,,,,,,,,,,,,,,,,,,,,,,,,,,,,,3.0,,1.0,,,,,,,,,,
Wendy Y. Chen,,1.0,,,,,,,,,,,,,,,,,,,,,,,,,,,,,,,,,,,,,,,,,,,,,,,,,,,,,
William Breitbart,,1.0,,,,,1.0,,,,,1.0,,,,,,,,,,1.0,,,,,,,,,,,,,,,,,,,,,,,,,,,,,,,,,
William G. Wierda,,,,,,16.0,3.0,,,,,,,,,,,,,,,,,,,,,,,,,,,,,,,,,,,,,1.0,8.0,,,,,,,,,,
William K. Oh,,,,,,,,,,2.0,,,,,,,,,,,,,,,,,,,,,,,,,,,,,,,,,,,,,,,,,,,,,
William P. Tew,,,,1.0,1.0,,,,,,,,,,,,,,,,,,,,,,,,,,,,,,,,,,,,,,,,,,,,,,,,,,
William R. Berry,,,,,,,,,1.0,1.0,,,,,,,,,,,,,,,,,,,,,,,,,,,,,,,,,,,,,,,,,,,,,
William R. Jarnagin,,,,,,,,,,,,,,,,,,,,,,,,,,,,,,,,,,,,,,,,2.0,,,,,,,,,,,,,,,
William T. Purcell,,,1.0,,,,,,,,,1.0,1.0,,,,,,,,,,,,,,,1.0,,,,,,,,,,,1.0,,,,,,,,,,,,,,,,
William Thomas Stephenson,,2.0,1.0,2.0,,,,,1.0,2.0,,1.0,1.0,,,,1.0,,1.0,1.0,,1.0,1.0,,,,,,,,,,,,,1.0,,,,1.0,,,,,,,,,,,,,,,
William Wong,,6.0,,,,,,,1.0,1.0,,,,,,,,,,,,1.0,,,,,,,,,,,,,,,,,,,,,,,,,,,,,,,,,
Willie Underwood,,,,,,,,,,,,,1.0,,,,,,,,,,,,,,,,,,,,,,,,,,,,,,,,,,,,,,,,,,
Winston Tan,,5.0,3.0,1.0,,,1.0,,1.0,2.0,,1.0,1.0,,,,,1.0,1.0,1.0,,1.0,1.0,,,,1.0,,1.0,,,,,,1.0,1.0,,1.0,1.0,1.0,,,,,,,,,,,,,,,
Y. Nancy You,,18.0,5.0,5.0,2.0,11.0,12.0,,1.0,4.0,,3.0,8.0,,,,,,1.0,1.0,1.0,2.0,2.0,,,,,,,,,1.0,,,,,,1.0,2.0,4.0,,,1.0,3.0,3.0,,6.0,1.0,,,,,,,
Yago Nieto,,,,1.0,,2.0,12.0,,,,,,,,,,,,,,,,,,,,,,,,,,,,,,1.0,,,,,,,,,,1.0,,,,,,1.0,1.0,
Yanis Boumber,,,1.0,,,,,,,,,,,,,,,,,,,,,,,,,,,,,,,,,,,,,,,,,,,,,,,,,,,,
Yesid Alvarado,,,,,,3.0,,3.0,,,,,,,,,,,,,,,,,,,,,,,,,,,,,,,,,,,,3.0,,,,1.0,,,,,,,
Yu Chen,2.0,8.0,3.0,1.0,,,,,5.0,1.0,,4.0,2.0,,,,1.0,,6.0,2.0,,2.0,,,,,3.0,,,,,,,,,2.0,,,,2.0,,,,,,,,,,,,,,,
Yuan Yuan,3.0,49.0,13.0,,,2.0,6.0,1.0,19.0,2.0,,18.0,,,,1.0,1.0,4.0,3.0,13.0,1.0,6.0,,,,,10.0,,3.0,,,,,,,2.0,,,,15.0,2.0,,,2.0,,,,,,,,1.0,,,
Zeina A. Nahleh,,6.0,,,,,,,,,,,,,,,,,,,,,,,,,,,,,,,,,,,,,,,,,,,,,,,,,,,,,
Zihai Li,,1.0,,,,2.0,,,,,,,,,,,,,,,,,,,,,,,,,,,,,,,,,,,,,,,,,,,,,,,,,
